session,line,ts_start,ts_end,wav,wav_found,pattern,text,file_size,full_path,label,correction
transcript_20260311_235011,56,00:04:37.568,00:04:38.144,04m37.568s-04m38.144s.wav,True,字幕,中文字幕提供,19500,transcript_20260311_235011/04m37.568s-04m38.144s.wav,辨識錯誤,重點
transcript_20260311_235011,382,00:23:37.632,00:23:37.760,23m37.632s-23m37.760s.wav,True,字幕,字幕志願者 楊茜茜,5164,transcript_20260311_235011/23m37.632s-23m37.760s.wav,無音效,
transcript_20260311_235011,414,00:25:44.800,00:25:45.152,25m44.800s-25m45.152s.wav,True,我們下[期集]再見,我們下期再見,12332,transcript_20260311_235011/25m44.800s-25m45.152s.wav,無音效,
transcript_20260311_235011,445,00:27:21.440,00:27:21.632,27m21.440s-27m21.632s.wav,True,MING PAO,MING PAO CANADA // MING PAO TORONTO,7212,transcript_20260311_235011/27m21.440s-27m21.632s.wav,無音效,
transcript_20260311_235011,526,00:31:23.264,00:31:23.456,31m23.264s-31m23.456s.wav,True,MING PAO,MING PAO CANADA MING PAO TORONTO,7212,transcript_20260311_235011/31m23.264s-31m23.456s.wav,無音效,
transcript_20260311_235011,532,00:31:44.000,00:31:44.192,31m44.000s-31m44.192s.wav,True,字幕,中文字幕 李宗盛,7212,transcript_20260311_235011/31m44.000s-31m44.192s.wav,無音效,
transcript_20260311_235011,628,00:37:09.216,00:37:09.568,37m09.216s-37m09.568s.wav,True,字幕,中文字幕志願者 李宗盛,12332,transcript_20260311_235011/37m09.216s-37m09.568s.wav,無音效,
transcript_20260311_235011,667,00:38:52.672,00:38:53.056,38m52.672s-38m53.056s.wav,True,字幕,中文字幕 李宗盛,13356,transcript_20260311_235011/38m52.672s-38m53.056s.wav,無音效,
transcript_20260311_235011,725,00:42:30.880,00:42:31.136,42m30.880s-42m31.136s.wav,True,字幕,字幕由 Amara.org 社群提供,9260,transcript_20260311_235011/42m30.880s-42m31.136s.wav,無音效,
transcript_20260311_235011,750,00:43:39.680,00:43:39.808,43m39.680s-43m39.808s.wav,True,字幕,中文字幕提供,5164,transcript_20260311_235011/43m39.680s-43m39.808s.wav,無音效,
transcript_20260311_235011,752,00:43:47.296,00:43:47.424,43m47.296s-43m47.424s.wav,True,字幕,字幕by索蘭婭,5164,transcript_20260311_235011/43m47.296s-43m47.424s.wav,無音效,
transcript_20260311_235011,824,00:49:20.128,00:49:20.384,49m20.128s-49m20.384s.wav,True,by bwd6,by bwd6,9260,transcript_20260311_235011/49m20.128s-49m20.384s.wav,無音效,
transcript_20260311_235011,903,00:53:27.488,00:53:34.432,53m27.488s-53m34.432s.wav,True,我們下[期集]再見,大家都可以反覆的聽這一集那再次感謝黃醫師謝謝今天這集播音錄到這邊VS綜藝沒有電我們下集再見掰掰,223276,transcript_20260311_235011/53m27.488s-53m34.432s.wav,正確辨識,
transcript_20260311_235011,905,00:53:35.552,00:53:35.776,53m35.552s-53m35.776s.wav,True,MING PAO,MING PAO CANADA // MING PAO TORONTO,8236,transcript_20260311_235011/53m35.552s-53m35.776s.wav,無音效,
transcript_20260311_235011,1003,01:01:12.576,01:01:12.896,61m12.576s-61m12.896s.wav,True,字幕,中文字幕提供,11308,transcript_20260311_235011/61m12.576s-61m12.896s.wav,無音效,
transcript_20260311_235011,1026,01:03:02.720,01:03:02.944,63m02.720s-63m02.944s.wav,True,字幕,中文字幕提供,8236,transcript_20260311_235011/63m02.720s-63m02.944s.wav,無音效,
transcript_20260311_235011,1027,01:03:02.976,01:03:03.200,63m02.976s-63m03.200s.wav,True,字幕,中文字幕 李宗盛,8236,transcript_20260311_235011/63m02.976s-63m03.200s.wav,無音效,
transcript_20260311_235011,1192,01:13:48.960,01:13:49.216,73m48.960s-73m49.216s.wav,True,字幕,中文字幕 李宗盛,9260,transcript_20260311_235011/73m48.960s-73m49.216s.wav,無音效,
transcript_20260311_235011,1381,01:26:43.360,01:26:43.680,86m43.360s-86m43.680s.wav,True,字幕,中文字幕志願者 李宗盛,11308,transcript_20260311_235011/86m43.360s-86m43.680s.wav,無音效,
transcript_20260311_235011,1552,01:38:07.392,01:38:07.744,98m07.392s-98m07.744s.wav,True,字幕,字幕志願者 楊棟樑,12332,transcript_20260311_235011/98m07.392s-98m07.744s.wav,無法辨識,
transcript_20260311_235011,1580,01:39:58.304,01:39:58.560,99m58.304s-99m58.560s.wav,True,字幕,中文字幕 李宗盛,9260,transcript_20260311_235011/99m58.304s-99m58.560s.wav,無音效,
transcript_20260311_235011,1589,01:40:37.472,01:40:37.856,100m37.472s-100m37.856s.wav,True,MING PAO,MING PAO CANADA // MING PAO TORONTO,13356,transcript_20260311_235011/100m37.472s-100m37.856s.wav,無音效,
transcript_20260311_235011,1665,01:46:06.688,01:46:07.328,106m06.688s-106m07.328s.wav,True,字幕,中文字幕 李宗盛,21548,transcript_20260311_235011/106m06.688s-106m07.328s.wav,辨識錯誤,生完以後
transcript_20260311_235011,1730,01:49:49.504,01:49:49.728,109m49.504s-109m49.728s.wav,True,字幕,中文字幕提供,8236,transcript_20260311_235011/109m49.504s-109m49.728s.wav,無音效,
transcript_20260311_235011,1956,02:04:01.344,02:04:02.080,124m01.344s-124m02.080s.wav,True,字幕,中文字幕志願者 李宗盛,24620,transcript_20260311_235011/124m01.344s-124m02.080s.wav,辨識錯誤,重疊的
transcript_20260311_235011,1967,02:04:30.496,02:04:30.624,124m30.496s-124m30.624s.wav,True,MING PAO,MING PAO CANADA // MING PAO TORONTO,5164,transcript_20260311_235011/124m30.496s-124m30.624s.wav,無音效,
transcript_20260311_235011,2299,02:24:06.112,02:24:06.272,144m06.112s-144m06.272s.wav,True,字幕,中文字幕提供,6188,transcript_20260311_235011/144m06.112s-144m06.272s.wav,無音效,
transcript_20260311_235011,2411,02:30:26.144,02:30:30.144,150m26.144s-150m30.144s.wav,True,我們下[期集]再見,今天這集播音錄到這邊VS中間沒有點我們下集再見 掰掰,129068,transcript_20260311_235011/150m26.144s-150m30.144s.wav,正確辨識,
transcript_20260311_235011,2736,02:46:40.512,02:46:40.640,166m40.512s-166m40.640s.wav,True,字幕,中文字幕志願者 李宗盛,5164,transcript_20260311_235011/166m40.512s-166m40.640s.wav,無音效,
transcript_20260311_235011,2810,02:49:59.520,02:49:59.744,169m59.520s-169m59.744s.wav,True,MING PAO,MING PAO CANADA // MING PAO TORONTO,8236,transcript_20260311_235011/169m59.520s-169m59.744s.wav,無音效,
transcript_20260311_235011,2813,02:50:03.072,02:50:03.680,170m03.072s-170m03.680s.wav,True,優優獨播劇場,優優獨播劇場——YoYo Television Series Exclusive,20524,transcript_20260311_235011/170m03.072s-170m03.680s.wav,辨識錯誤,越叛逆
transcript_20260311_235011,2922,02:54:17.056,02:54:17.280,174m17.056s-174m17.280s.wav,True,字幕,中文字幕志願者 李宗盛,8236,transcript_20260311_235011/174m17.056s-174m17.280s.wav,無音效,
transcript_20260311_235011,2947,02:55:19.072,02:55:19.360,175m19.072s-175m19.360s.wav,True,感謝[觀收]看,感謝觀看,10284,transcript_20260311_235011/175m19.072s-175m19.360s.wav,無音效,
transcript_20260311_235011,2968,02:56:13.984,02:56:14.272,176m13.984s-176m14.272s.wav,True,感謝[觀收]看,感謝觀看,10284,transcript_20260311_235011/176m13.984s-176m14.272s.wav,無音效,
transcript_20260311_235011,2977,02:56:29.888,02:56:30.176,176m29.888s-176m30.176s.wav,True,字幕,中文字幕提供,10284,transcript_20260311_235011/176m29.888s-176m30.176s.wav,無音效,
transcript_20260311_235011,2995,02:57:05.056,02:57:05.408,177m05.056s-177m05.408s.wav,True,明鏡[及與]點點欄目,明鏡及點點欄目,12332,transcript_20260311_235011/177m05.056s-177m05.408s.wav,無音效,
transcript_20260311_235011,3137,03:03:26.048,03:03:26.304,183m26.048s-183m26.304s.wav,True,感謝[觀收]看,感謝觀看,9260,transcript_20260311_235011/183m26.048s-183m26.304s.wav,無音效,
transcript_20260311_235011,3142,03:03:33.312,03:03:33.920,183m33.312s-183m33.920s.wav,True,下[期集]見,我們下期見,20524,transcript_20260311_235011/183m33.312s-183m33.920s.wav,辨識錯誤,你叫他
transcript_20260311_235011,3146,03:03:42.752,03:03:42.976,183m42.752s-183m42.976s.wav,True,感謝[觀收]看,感謝觀看,8236,transcript_20260311_235011/183m42.752s-183m42.976s.wav,無音效,
transcript_20260311_235011,3163,03:04:17.184,03:04:17.472,184m17.184s-184m17.472s.wav,True,感謝[觀收]看,感謝觀看,10284,transcript_20260311_235011/184m17.184s-184m17.472s.wav,無音效,
transcript_20260311_235011,3254,03:07:44.640,03:07:44.960,187m44.640s-187m44.960s.wav,True,字幕,中文字幕志願者 楊茜茜,11308,transcript_20260311_235011/187m44.640s-187m44.960s.wav,無音效,
transcript_20260311_235011,3266,03:08:03.936,03:08:04.224,188m03.936s-188m04.224s.wav,True,字幕,中文字幕提供,10284,transcript_20260311_235011/188m03.936s-188m04.224s.wav,無音效,
transcript_20260311_235011,3268,03:08:08.032,03:08:08.384,188m08.032s-188m08.384s.wav,True,MING PAO,MING PAO CANADA MANGA,12332,transcript_20260311_235011/188m08.032s-188m08.384s.wav,無音效,
transcript_20260311_235011,3297,03:09:24.896,03:09:25.472,189m24.896s-189m25.472s.wav,True,MING PAO,MING PAO CANADA // MING PAO TORONTO,19500,transcript_20260311_235011/189m24.896s-189m25.472s.wav,辨識錯誤,方法嗎
transcript_20260311_235011,3302,03:09:43.552,03:09:43.680,189m43.552s-189m43.680s.wav,True,字幕,字幕志願者 楊茜茜,5164,transcript_20260311_235011/189m43.552s-189m43.680s.wav,無音效,
transcript_20260311_235011,3496,03:18:04.608,03:18:05.120,198m04.608s-198m05.120s.wav,True,字幕,中文字幕——YK,17452,transcript_20260311_235011/198m04.608s-198m05.120s.wav,辨識錯誤,那個
transcript_20260311_235011,3580,03:21:44.960,03:21:45.248,201m44.960s-201m45.248s.wav,True,感謝[觀收]看,感謝觀看,10284,transcript_20260311_235011/201m44.960s-201m45.248s.wav,無音效,
transcript_20260311_235011,3600,03:22:42.592,03:22:43.328,202m42.592s-202m43.328s.wav,True,明鏡需要您的支援,明鏡需要您的支援 歡迎觀看,24620,transcript_20260311_235011/202m42.592s-202m43.328s.wav,辨識錯誤,得名的
transcript_20260311_235011,3682,03:27:29.120,03:27:29.536,207m29.120s-207m29.536s.wav,True,明鏡[及與]點點欄目,明鏡與點點欄目,14380,transcript_20260311_235011/207m29.120s-207m29.536s.wav,無法辨識,
transcript_20260311_235011,3716,03:30:14.912,03:30:15.168,210m14.912s-210m15.168s.wav,True,我們下[期集]再見,我們下期再見,9260,transcript_20260311_235011/210m14.912s-210m15.168s.wav,無音效,
transcript_20260311_235011,3915,03:40:06.336,03:40:06.592,220m06.336s-220m06.592s.wav,True,感謝[觀收]看,感謝觀看,9260,transcript_20260311_235011/220m06.336s-220m06.592s.wav,無音效,
transcript_20260311_235011,3950,03:41:45.376,03:41:45.568,221m45.376s-221m45.568s.wav,True,字幕,中文字幕 李宗盛,7212,transcript_20260311_235011/221m45.376s-221m45.568s.wav,無音效,
transcript_20260311_235011,3959,03:42:02.656,03:42:03.008,222m02.656s-222m03.008s.wav,True,by bwd6,by bwd6,12332,transcript_20260311_235011/222m02.656s-222m03.008s.wav,無音效,
transcript_20260311_235011,4042,03:45:33.248,03:45:34.112,225m33.248s-225m34.112s.wav,True,明鏡[及與]點點欄目,明鏡與點點欄目,28716,transcript_20260311_235011/225m33.248s-225m34.112s.wav,無法辨識,
transcript_20260311_235011,4171,03:50:33.536,03:50:33.824,230m33.536s-230m33.824s.wav,True,感謝[觀收]看,感謝觀看,10284,transcript_20260311_235011/230m33.536s-230m33.824s.wav,無音效,
transcript_20260311_235011,4192,03:51:34.720,03:51:35.040,231m34.720s-231m35.040s.wav,True,字幕,中文字幕志願者 楊茜茜,11308,transcript_20260311_235011/231m34.720s-231m35.040s.wav,無音效,
transcript_20260311_235011,4211,03:52:14.144,03:52:14.496,232m14.144s-232m14.496s.wav,True,MING PAO,MING PAO CANADA MING PAO TORONTO,12332,transcript_20260311_235011/232m14.144s-232m14.496s.wav,無音效,
transcript_20260311_235011,4264,03:54:16.960,03:54:17.216,234m16.960s-234m17.216s.wav,True,字幕,中文字幕志願者 李宗盛,9260,transcript_20260311_235011/234m16.960s-234m17.216s.wav,無音效,
transcript_20260311_235011,4267,03:54:22.624,03:54:23.232,234m22.624s-234m23.232s.wav,True,明鏡需要您的支援,明鏡需要您的支援 歡迎訂閱明鏡,20524,transcript_20260311_235011/234m22.624s-234m23.232s.wav,無法辨識,
transcript_20260311_235011,4427,04:01:17.792,04:01:18.080,241m17.792s-241m18.080s.wav,True,MING PAO,MING PAO CANADA // MING PAO TORONTO,10284,transcript_20260311_235011/241m17.792s-241m18.080s.wav,無音效,
transcript_20260311_235011,4503,04:03:51.136,04:03:51.456,243m51.136s-243m51.456s.wav,True,字幕,中文字幕志願者 李宗盛,11308,transcript_20260311_235011/243m51.136s-243m51.456s.wav,無音效,
transcript_20260311_235011,4576,04:07:05.184,04:07:05.440,247m05.184s-247m05.440s.wav,True,感謝[觀收]看,感謝觀看,9260,transcript_20260311_235011/247m05.184s-247m05.440s.wav,無音效,
transcript_20260311_235011,4700,04:12:17.472,04:12:17.792,252m17.472s-252m17.792s.wav,True,我們下[期集]再見,我們下期再見,11308,transcript_20260311_235011/252m17.472s-252m17.792s.wav,無音效,
transcript_20260311_235011,4857,04:19:28.832,04:19:29.024,259m28.832s-259m29.024s.wav,True,字幕,中文字幕志願者 李宗盛,7212,transcript_20260311_235011/259m28.832s-259m29.024s.wav,無音效,
transcript_20260311_235011,4992,04:27:47.328,04:27:47.584,267m47.328s-267m47.584s.wav,True,我們下[期集]再見,我們下期再見,9260,transcript_20260311_235011/267m47.328s-267m47.584s.wav,無音效,
transcript_20260311_235011,5020,04:29:51.264,04:29:51.488,269m51.264s-269m51.488s.wav,True,感謝[觀收]看,感謝觀看,8236,transcript_20260311_235011/269m51.264s-269m51.488s.wav,無音效,
transcript_20260311_235011,5215,04:39:17.600,04:39:17.728,279m17.600s-279m17.728s.wav,True,字幕,中文字幕提供,5164,transcript_20260311_235011/279m17.600s-279m17.728s.wav,無音效,
transcript_20260311_235011,5281,04:42:32.832,04:42:33.184,282m32.832s-282m33.184s.wav,True,MING PAO,MING PAO CANADA MING PAO TORONTO,12332,transcript_20260311_235011/282m32.832s-282m33.184s.wav,無音效,
transcript_20260311_235011,5380,04:46:37.760,04:46:38.176,286m37.760s-286m38.176s.wav,True,我們下[期集]再見,我們下期再見,14380,transcript_20260311_235011/286m37.760s-286m38.176s.wav,辨識錯誤,對不對
transcript_20260311_235011,5421,04:48:18.944,04:48:19.168,288m18.944s-288m19.168s.wav,True,字幕,中文字幕 李宗盛,8236,transcript_20260311_235011/288m18.944s-288m19.168s.wav,無音效,
transcript_20260311_235011,5582,04:55:24.896,04:55:25.408,295m24.896s-295m25.408s.wav,True,明鏡[及與]點點欄目,明鏡及點點欄目,17452,transcript_20260311_235011/295m24.896s-295m25.408s.wav,無法辨識,
transcript_20260311_235011,5655,04:59:16.288,04:59:16.416,299m16.288s-299m16.416s.wav,True,字幕,中文字幕 李宗盛,5164,transcript_20260311_235011/299m16.288s-299m16.416s.wav,無音效,
transcript_20260311_235011,5715,05:02:05.824,05:02:06.048,302m05.824s-302m06.048s.wav,True,感謝[觀收]看,感謝觀看,8236,transcript_20260311_235011/302m05.824s-302m06.048s.wav,無音效,
transcript_20260311_235011,5734,05:03:00.672,05:03:00.800,303m00.672s-303m00.800s.wav,True,MING PAO,MING PAO CANADA // MING PAO TORONTO,5164,transcript_20260311_235011/303m00.672s-303m00.800s.wav,無音效,
transcript_20260311_235011,6064,05:23:45.472,05:23:45.632,323m45.472s-323m45.632s.wav,True,字幕,字幕志願者 楊棟樑,6188,transcript_20260311_235011/323m45.472s-323m45.632s.wav,無音效,
transcript_20260311_235011,6329,05:36:44.480,05:36:44.608,336m44.480s-336m44.608s.wav,True,字幕,中文字幕 李宗盛,5164,transcript_20260311_235011/336m44.480s-336m44.608s.wav,無音效,
transcript_20260311_235011,6622,05:54:16.768,05:54:17.152,354m16.768s-354m17.152s.wav,True,MING PAO,MING PAO CANADA // MING PAO TORONTO,13356,transcript_20260311_235011/354m16.768s-354m17.152s.wav,無音效,
transcript_20260311_235011,6702,05:59:20.256,05:59:20.448,359m20.256s-359m20.448s.wav,True,明鏡[及與]點點欄目,明鏡與點點欄目,7212,transcript_20260311_235011/359m20.256s-359m20.448s.wav,無音效,
transcript_20260311_235011,6739,06:01:32.064,06:01:32.480,361m32.064s-361m32.480s.wav,True,我們下[期集]再見,我們下期再見,14380,transcript_20260311_235011/361m32.064s-361m32.480s.wav,無音效,
transcript_20260311_235011,6903,06:08:54.336,06:08:54.464,368m54.336s-368m54.464s.wav,True,字幕,字幕志願者 楊茜茜,5164,transcript_20260311_235011/368m54.336s-368m54.464s.wav,無音效,
transcript_20260311_235011,6918,06:09:32.736,06:09:32.864,369m32.736s-369m32.864s.wav,True,字幕,中文字幕志願者 李宗盛,5164,transcript_20260311_235011/369m32.736s-369m32.864s.wav,無音效,
transcript_20260311_235011,6933,06:10:15.552,06:10:20.672,370m15.552s-370m20.672s.wav,True,字幕,是有字幕還是怎麼樣?這個我也想問就是你看這些東西是有字幕的嗎?你覺得要有字幕嗎?中文字幕,164908,transcript_20260311_235011/370m15.552s-370m20.672s.wav,正確辨識,
transcript_20260311_235011,6934,06:10:20.832,06:10:22.464,370m20.832s-370m22.464s.wav,True,字幕,有中文字幕我那時候,53292,transcript_20260311_235011/370m20.832s-370m22.464s.wav,正確辨識,
transcript_20260311_235011,6935,06:10:22.560,06:10:29.088,370m22.560s-370m29.088s.wav,True,字幕,聽法文然後是配英文字幕然後我就會知道他們在講什麼然後我就說OK所以我應該聽得懂吧,209964,transcript_20260311_235011/370m22.560s-370m29.088s.wav,正確辨識,
transcript_20260311_235011,6936,06:10:29.472,06:10:35.680,370m29.472s-370m35.680s.wav,True,字幕,不要這樣喔我個人是覺得不要放英文字幕或者是不要放其他語言的字幕因為,199724,transcript_20260311_235011/370m29.472s-370m35.680s.wav,正確辨識,
transcript_20260311_235011,6943,06:10:55.904,06:10:56.992,370m55.904s-370m56.992s.wav,True,字幕,開字幕的原因,35884,transcript_20260311_235011/370m55.904s-370m56.992s.wav,正確辨識,
transcript_20260311_235011,6945,06:10:58.400,06:10:59.328,370m58.400s-370m59.328s.wav,True,字幕,中文字幕志願者 楊棟樑,30764,transcript_20260311_235011/370m58.400s-370m59.328s.wav,辨識錯誤,中文
transcript_20260311_235011,6991,06:13:05.504,06:13:05.760,373m05.504s-373m05.760s.wav,True,感謝[觀收]看,感謝觀看,9260,transcript_20260311_235011/373m05.504s-373m05.760s.wav,無音效,
transcript_20260311_235011,6995,06:13:12.864,06:13:13.504,373m12.864s-373m13.504s.wav,True,字幕,中文字幕志願者 李宗盛,21548,transcript_20260311_235011/373m12.864s-373m13.504s.wav,辨識錯誤,跟
transcript_20260311_235011,6998,06:13:23.808,06:13:24.032,373m23.808s-373m24.032s.wav,True,MING PAO,MING PAO CANADA MANGA,8236,transcript_20260311_235011/373m23.808s-373m24.032s.wav,無音效,
transcript_20260311_235011,7008,06:13:40.768,06:13:40.992,373m40.768s-373m40.992s.wav,True,字幕,字幕志願者 李宗盛,8236,transcript_20260311_235011/373m40.768s-373m40.992s.wav,無音效,
transcript_20260311_235011,7045,06:15:20.352,06:15:20.512,375m20.352s-375m20.512s.wav,True,字幕,中文字幕提供,6188,transcript_20260311_235011/375m20.352s-375m20.512s.wav,無音效,
transcript_20260311_235011,7080,06:17:03.264,06:17:03.712,377m03.264s-377m03.712s.wav,True,字幕,字幕by索蘭婭,15404,transcript_20260311_235011/377m03.264s-377m03.712s.wav,無音效,
transcript_20260311_235011,7131,06:19:14.304,06:19:14.656,379m14.304s-379m14.656s.wav,True,MING PAO,MING PAO CANADA MING PAO TORONTO,12332,transcript_20260311_235011/379m14.304s-379m14.656s.wav,無音效,
transcript_20260311_235011,7135,06:19:21.536,06:19:21.728,379m21.536s-379m21.728s.wav,True,字幕,中文字幕 李宗盛,7212,transcript_20260311_235011/379m21.536s-379m21.728s.wav,無音效,
transcript_20260311_235011,7163,06:20:23.488,06:20:23.616,380m23.488s-380m23.616s.wav,True,字幕,中文字幕 李宗盛,5164,transcript_20260311_235011/380m23.488s-380m23.616s.wav,無音效,
transcript_20260311_235011,7227,06:23:29.120,06:23:29.408,383m29.120s-383m29.408s.wav,True,字幕,中文字幕 李宗盛,10284,transcript_20260311_235011/383m29.120s-383m29.408s.wav,無音效,
transcript_20260311_235011,7247,06:24:17.952,06:24:18.144,384m17.952s-384m18.144s.wav,True,字幕,中文字幕提供,7212,transcript_20260311_235011/384m17.952s-384m18.144s.wav,無音效,
transcript_20260311_235011,7260,06:24:41.856,06:24:42.048,384m41.856s-384m42.048s.wav,True,字幕,中文字幕 李宗盛,7212,transcript_20260311_235011/384m41.856s-384m42.048s.wav,無音效,
transcript_20260311_235011,7285,06:25:34.688,06:25:35.040,385m34.688s-385m35.040s.wav,True,字幕,中文字幕 李宗盛,12332,transcript_20260311_235011/385m34.688s-385m35.040s.wav,無音效,
transcript_20260311_235011,7308,06:26:44.896,06:26:45.120,386m44.896s-386m45.120s.wav,True,by bwd6,by bwd6,8236,transcript_20260311_235011/386m44.896s-386m45.120s.wav,無音效,
transcript_20260311_235011,7350,06:28:58.304,06:28:58.560,388m58.304s-388m58.560s.wav,True,字幕,中文字幕提供,9260,transcript_20260311_235011/388m58.304s-388m58.560s.wav,無音效,
transcript_20260311_235011,7380,06:30:22.752,06:30:22.976,390m22.752s-390m22.976s.wav,True,字幕,字幕志願者 李宗盛,8236,transcript_20260311_235011/390m22.752s-390m22.976s.wav,無音效,
transcript_20260311_235011,7491,06:35:27.360,06:35:27.488,395m27.360s-395m27.488s.wav,True,優優獨播劇場,優優獨播劇場——YoYo Television Series Exclusive,5164,transcript_20260311_235011/395m27.360s-395m27.488s.wav,無音效,
transcript_20260311_235011,7492,06:35:27.584,06:35:27.744,395m27.584s-395m27.744s.wav,True,MING PAO,MING PAO CANADA MING PAO TORONTO,6188,transcript_20260311_235011/395m27.584s-395m27.744s.wav,無音效,
transcript_20260311_235011,7592,06:40:50.208,06:40:50.592,400m50.208s-400m50.592s.wav,True,感謝[觀收]看,感謝觀看,13356,transcript_20260311_235011/400m50.208s-400m50.592s.wav,無音效,
transcript_20260311_235011,7667,06:43:33.376,06:43:33.664,403m33.376s-403m33.664s.wav,True,MING PAO,MING PAO CANADA MING PAO TORONTO,10284,transcript_20260311_235011/403m33.376s-403m33.664s.wav,無音效,
transcript_20260311_235011,7724,06:45:35.968,06:45:36.576,405m35.968s-405m36.576s.wav,True,感謝[觀收]看,感謝觀看,20524,transcript_20260311_235011/405m35.968s-405m36.576s.wav,辨識錯誤,跟
transcript_20260311_235011,7761,06:46:53.280,06:46:53.568,406m53.280s-406m53.568s.wav,True,字幕,中文字幕志願者 李宗盛,10284,transcript_20260311_235011/406m53.280s-406m53.568s.wav,無音效,
transcript_20260311_235011,7793,06:48:17.440,06:48:17.728,408m17.440s-408m17.728s.wav,True,字幕,中文字幕 李宗盛,10284,transcript_20260311_235011/408m17.440s-408m17.728s.wav,無音效,
transcript_20260311_235011,7851,06:50:41.536,06:50:42.016,410m41.536s-410m42.016s.wav,True,MING PAO,MING PAO CANADA // MING PAO TORONTO,16428,transcript_20260311_235011/410m41.536s-410m42.016s.wav,無音效,
transcript_20260311_235011,7894,06:52:20.224,06:52:20.608,412m20.224s-412m20.608s.wav,True,感謝[觀收]看,感謝觀看,13356,transcript_20260311_235011/412m20.224s-412m20.608s.wav,辨識錯誤,跟
transcript_20260311_235011,7904,06:52:45.024,06:52:45.312,412m45.024s-412m45.312s.wav,True,字幕,中文字幕志願者 李宗盛,10284,transcript_20260311_235011/412m45.024s-412m45.312s.wav,無音效,
transcript_20260311_235011,7935,06:53:45.248,06:53:45.792,413m45.248s-413m45.792s.wav,True,明鏡[及與]點點欄目,明鏡及點點欄目,18476,transcript_20260311_235011/413m45.248s-413m45.792s.wav,辨識錯誤,沒有
transcript_20260311_235011,7939,06:53:51.008,06:53:51.232,413m51.008s-413m51.232s.wav,True,MING PAO,MING PAO CANADA MING PAO TORONTO,8236,transcript_20260311_235011/413m51.008s-413m51.232s.wav,無音效,
transcript_20260311_235011,8030,06:58:06.016,06:58:06.496,418m06.016s-418m06.496s.wav,True,明鏡[及與]點點欄目,明鏡及點點欄目,16428,transcript_20260311_235011/418m06.016s-418m06.496s.wav,無音效,
transcript_20260311_235011,8048,06:58:52.096,06:58:52.640,418m52.096s-418m52.640s.wav,True,字幕,中文字幕志願者 李宗盛,18476,transcript_20260311_235011/418m52.096s-418m52.640s.wav,辨識錯誤,說
transcript_20260311_235011,8062,06:59:28.192,06:59:28.448,419m28.192s-419m28.448s.wav,True,字幕,中文字幕提供,9260,transcript_20260311_235011/419m28.192s-419m28.448s.wav,無音效,
transcript_20260311_235011,8135,07:02:34.400,07:02:35.200,422m34.400s-422m35.200s.wav,True,字幕,中文字幕志願者 楊棟樑,26668,transcript_20260311_235011/422m34.400s-422m35.200s.wav,辨識錯誤,Thomas Willis
transcript_20260311_235011,8154,07:03:17.664,07:03:17.984,423m17.664s-423m17.984s.wav,True,感謝[觀收]看,感謝觀看,11308,transcript_20260311_235011/423m17.664s-423m17.984s.wav,無音效,
transcript_20260311_235011,8157,07:03:23.296,07:03:23.840,423m23.296s-423m23.840s.wav,True,字幕,中文字幕提供,18476,transcript_20260311_235011/423m23.296s-423m23.840s.wav,辨識錯誤,造成的
transcript_20260311_235011,8167,07:03:45.376,07:03:45.664,423m45.376s-423m45.664s.wav,True,MING PAO,MING PAO CANADA MING PAO TORONTO,10284,transcript_20260311_235011/423m45.376s-423m45.664s.wav,無音效,
transcript_20260311_235011,8277,07:08:19.776,07:08:20.064,428m19.776s-428m20.064s.wav,True,MING PAO,MING PAO CANADA MING PAO TORONTO,10284,transcript_20260311_235011/428m19.776s-428m20.064s.wav,無音效,
transcript_20260311_235011,8486,07:16:55.648,07:16:56.448,436m55.648s-436m56.448s.wav,True,明鏡[及與]點點欄目,明鏡及點點欄目,26668,transcript_20260311_235011/436m55.648s-436m56.448s.wav,辨識錯誤,你想要
transcript_20260311_235011,8512,07:17:37.280,07:17:37.632,437m37.280s-437m37.632s.wav,True,by bwd6,by bwd6,12332,transcript_20260311_235011/437m37.280s-437m37.632s.wav,無音效,
transcript_20260311_235011,8517,07:17:48.544,07:17:48.896,437m48.544s-437m48.896s.wav,True,感謝[觀收]看,感謝觀看,12332,transcript_20260311_235011/437m48.544s-437m48.896s.wav,無音效,
transcript_20260311_235011,8522,07:18:02.880,07:18:03.200,438m02.880s-438m03.200s.wav,True,MING PAO,MING PAO CANADA // MING PAO TORONTO,11308,transcript_20260311_235011/438m02.880s-438m03.200s.wav,無音效,
transcript_20260311_235011,8523,07:18:06.112,07:18:06.400,438m06.112s-438m06.400s.wav,True,我們下[期集]再見,我們下期再見,10284,transcript_20260311_235011/438m06.112s-438m06.400s.wav,無音效,
transcript_20260311_235011,8669,07:23:20.576,07:23:20.704,443m20.576s-443m20.704s.wav,True,字幕,中文字幕志願者 李宗盛,5164,transcript_20260311_235011/443m20.576s-443m20.704s.wav,無音效,
transcript_20260311_235011,8671,07:23:29.184,07:23:29.664,443m29.184s-443m29.664s.wav,True,字幕,中文字幕志願者 李宗盛,16428,transcript_20260311_235011/443m29.184s-443m29.664s.wav,辨識錯誤,圈
transcript_20260311_235011,8705,07:25:35.808,07:25:36.064,445m35.808s-445m36.064s.wav,True,字幕,字幕志願者 楊棟樑,9260,transcript_20260311_235011/445m35.808s-445m36.064s.wav,無音效,
transcript_20260311_235011,8706,07:25:36.384,07:25:36.576,445m36.384s-445m36.576s.wav,True,字幕,中文字幕提供,7212,transcript_20260311_235011/445m36.384s-445m36.576s.wav,無音效,
transcript_20260311_235011,8713,07:25:49.472,07:25:49.728,445m49.472s-445m49.728s.wav,True,by bwd6,by bwd6,9260,transcript_20260311_235011/445m49.472s-445m49.728s.wav,無音效,
transcript_20260311_235011,8764,07:29:11.904,07:29:12.896,449m11.904s-449m12.896s.wav,True,明鏡需要您的支援,明鏡需要您的支援 歡迎觀看,32812,transcript_20260311_235011/449m11.904s-449m12.896s.wav,辨識錯誤,眼神跟反應
transcript_20260311_235011,8782,07:30:03.008,07:30:03.328,450m03.008s-450m03.328s.wav,True,我們下[期集]再見,我們下期再見,11308,transcript_20260311_235011/450m03.008s-450m03.328s.wav,無音效,
transcript_20260311_235011,8933,07:37:15.520,07:37:15.776,457m15.520s-457m15.776s.wav,True,字幕,中文字幕 李宗盛,9260,transcript_20260311_235011/457m15.520s-457m15.776s.wav,無音效,
transcript_20260311_235011,8957,07:38:36.992,07:38:37.120,458m36.992s-458m37.120s.wav,True,字幕,中文字幕提供,5164,transcript_20260311_235011/458m36.992s-458m37.120s.wav,無音效,
transcript_20260311_235011,9037,07:42:26.560,07:42:27.040,462m26.560s-462m27.040s.wav,True,我們下[期集]再見,我們下期再見,16428,transcript_20260311_235011/462m26.560s-462m27.040s.wav,無音效,
transcript_20260311_235011,9069,07:43:59.456,07:43:59.648,463m59.456s-463m59.648s.wav,True,MING PAO,MING PAO CANADA MING PAO TORONTO,7212,transcript_20260311_235011/463m59.456s-463m59.648s.wav,無音效,
transcript_20260311_235011,9076,07:44:15.904,07:44:16.064,464m15.904s-464m16.064s.wav,True,字幕,中文字幕 李宗盛,6188,transcript_20260311_235011/464m15.904s-464m16.064s.wav,無音效,
transcript_20260311_235011,9083,07:44:30.752,07:44:31.168,464m30.752s-464m31.168s.wav,True,MING PAO,MING PAO CANADA MING PAO TORONTO,14380,transcript_20260311_235011/464m30.752s-464m31.168s.wav,無音效,
transcript_20260311_235011,9091,07:44:45.440,07:44:46.112,464m45.440s-464m46.112s.wav,True,明鏡需要您的支援,明鏡需要您的支援 歡迎訂閱明鏡,22572,transcript_20260311_235011/464m45.440s-464m46.112s.wav,辨識錯誤,頂尖的
transcript_20260311_235011,9129,07:46:45.824,07:46:46.464,466m45.824s-466m46.464s.wav,True,下[期集]見,我們下期見,21548,transcript_20260311_235011/466m45.824s-466m46.464s.wav,辨識錯誤,我在天
transcript_20260311_235011,9140,07:47:13.952,07:47:14.240,467m13.952s-467m14.240s.wav,True,明鏡[及與]點點欄目,明鏡與點點欄目,10284,transcript_20260311_235011/467m13.952s-467m14.240s.wav,無音效,
transcript_20260311_235011,9228,07:51:12.160,07:51:12.416,471m12.160s-471m12.416s.wav,True,字幕,中文字幕提供,9260,transcript_20260311_235011/471m12.160s-471m12.416s.wav,無音效,
transcript_20260311_235011,9238,07:51:41.856,07:51:42.176,471m41.856s-471m42.176s.wav,True,字幕,中文字幕提供,11308,transcript_20260311_235011/471m41.856s-471m42.176s.wav,無音效,
transcript_20260311_235011,9248,07:52:01.824,07:52:02.080,472m01.824s-472m02.080s.wav,True,字幕,中文字幕 李宗盛,9260,transcript_20260311_235011/472m01.824s-472m02.080s.wav,無音效,
transcript_20260311_235011,9291,07:53:56.480,07:53:56.672,473m56.480s-473m56.672s.wav,True,我們下[期集]再見,我們下期再見,7212,transcript_20260311_235011/473m56.480s-473m56.672s.wav,無音效,
transcript_20260311_235011,9328,07:55:23.584,07:55:23.776,475m23.584s-475m23.776s.wav,True,明鏡需要您的支援,明鏡需要您的支援 歡迎關注明鏡,7212,transcript_20260311_235011/475m23.584s-475m23.776s.wav,無音效,
transcript_20260311_235011,9361,07:56:30.176,07:56:30.464,476m30.176s-476m30.464s.wav,True,我們下[期集]再見,我們下期再見,10284,transcript_20260311_235011/476m30.176s-476m30.464s.wav,無音效,
transcript_20260311_235011,9443,07:59:43.936,07:59:44.352,479m43.936s-479m44.352s.wav,True,字幕,中文字幕志願者 李宗盛,14380,transcript_20260311_235011/479m43.936s-479m44.352s.wav,辨識錯誤,光
transcript_20260311_235011,9446,07:59:46.848,07:59:47.424,479m46.848s-479m47.424s.wav,True,明鏡[及與]點點欄目,明鏡與點點欄目,19500,transcript_20260311_235011/479m46.848s-479m47.424s.wav,辨識錯誤,民進黨
transcript_20260311_235011,9449,07:59:55.424,07:59:55.648,479m55.424s-479m55.648s.wav,True,字幕,中文字幕志願者 李宗盛,8236,transcript_20260311_235011/479m55.424s-479m55.648s.wav,無音效,
transcript_20260311_235011,9518,08:02:36.192,08:02:36.992,482m36.192s-482m36.992s.wav,True,明鏡[及與]點點欄目,請大家點贊 訂閱 轉發 打賞支援明鏡與點點欄目,26668,transcript_20260311_235011/482m36.192s-482m36.992s.wav,無法辨識,
transcript_20260311_235011,9656,08:10:43.616,08:10:43.936,490m43.616s-490m43.936s.wav,True,感謝[觀收]看,感謝觀看,11308,transcript_20260311_235011/490m43.616s-490m43.936s.wav,無音效,
transcript_20260311_235011,9713,08:13:10.560,08:13:10.944,493m10.560s-493m10.944s.wav,True,明鏡[及與]點點欄目,明鏡與點點欄目,13356,transcript_20260311_235011/493m10.560s-493m10.944s.wav,無音效,
transcript_20260311_235011,9736,08:14:11.968,08:14:12.288,494m11.968s-494m12.288s.wav,True,感謝[觀收]看,感謝觀看,11308,transcript_20260311_235011/494m11.968s-494m12.288s.wav,無音效,
transcript_20260311_235011,9774,08:16:13.632,08:16:14.304,496m13.632s-496m14.304s.wav,True,我們下[期集]再見,我們下期再見,22572,transcript_20260311_235011/496m13.632s-496m14.304s.wav,辨識錯誤,因為他們在想
transcript_20260311_235011,9854,08:20:05.696,08:20:05.888,500m05.696s-500m05.888s.wav,True,MING PAO,MING PAO CANADA MING PAO TORONTO,7212,transcript_20260311_235011/500m05.696s-500m05.888s.wav,無音效,
transcript_20260311_235011,9899,08:22:00.704,08:22:01.440,502m00.704s-502m01.440s.wav,True,明鏡[及與]點點欄目,明鏡與點點欄目,24620,transcript_20260311_235011/502m00.704s-502m01.440s.wav,辨識錯誤,頂尖的
transcript_20260311_235011,9949,08:24:27.424,08:24:27.680,504m27.424s-504m27.680s.wav,True,明鏡需要您的支援,明鏡需要您的支援 歡迎訂閱明鏡,9260,transcript_20260311_235011/504m27.424s-504m27.680s.wav,無音效,
transcript_20260311_235011,10142,08:32:53.824,08:32:53.952,512m53.824s-512m53.952s.wav,True,字幕,中文字幕提供,5164,transcript_20260311_235011/512m53.824s-512m53.952s.wav,無音效,
transcript_20260311_235011,10171,08:33:52.640,08:33:52.832,513m52.640s-513m52.832s.wav,True,字幕,字幕志願者 楊棟樑,7212,transcript_20260311_235011/513m52.640s-513m52.832s.wav,無音效,
transcript_20260311_235011,10183,08:34:19.744,08:34:20.032,514m19.744s-514m20.032s.wav,True,字幕,中文字幕 李宗盛,10284,transcript_20260311_235011/514m19.744s-514m20.032s.wav,無音效,
transcript_20260311_235011,10197,08:34:49.600,08:34:50.112,514m49.600s-514m50.112s.wav,True,我們下[期集]再見,我們下期再見,17452,transcript_20260311_235011/514m49.600s-514m50.112s.wav,無音效,
transcript_20260311_235011,10200,08:34:55.200,08:34:55.328,514m55.200s-514m55.328s.wav,True,字幕,字幕志願者 楊茜茜,5164,transcript_20260311_235011/514m55.200s-514m55.328s.wav,無音效,
transcript_20260311_235011,10208,08:35:12.512,08:35:12.800,515m12.512s-515m12.800s.wav,True,感謝[觀收]看,感謝觀看,10284,transcript_20260311_235011/515m12.512s-515m12.800s.wav,無音效,
transcript_20260311_235011,10219,08:35:30.976,08:35:31.680,515m30.976s-515m31.680s.wav,True,明鏡[及與]點點欄目,明鏡與點點欄目,23596,transcript_20260311_235011/515m30.976s-515m31.680s.wav,辨識錯誤,有三點
transcript_20260311_235011,10248,08:36:46.304,08:36:46.656,516m46.304s-516m46.656s.wav,True,字幕,中文字幕提供,12332,transcript_20260311_235011/516m46.304s-516m46.656s.wav,無法辨識,
transcript_20260311_235011,10250,08:36:49.088,08:36:49.600,516m49.088s-516m49.600s.wav,True,明鏡[及與]點點欄目,明鏡及點點欄目,17452,transcript_20260311_235011/516m49.088s-516m49.600s.wav,辨識錯誤,民進黨
transcript_20260311_235011,10274,08:37:52.864,08:37:53.184,517m52.864s-517m53.184s.wav,True,字幕,中文字幕提供,11308,transcript_20260311_235011/517m52.864s-517m53.184s.wav,無音效,
transcript_20260311_235011,10372,08:44:26.784,08:44:27.200,524m26.784s-524m27.200s.wav,True,字幕,字幕by索蘭婭,14380,transcript_20260311_235011/524m26.784s-524m27.200s.wav,辨識錯誤,大部分人
transcript_20260311_235011,10437,08:48:53.216,08:48:53.504,528m53.216s-528m53.504s.wav,True,MING PAO,MING PAO CANADA // MING PAO TORONTO,10284,transcript_20260311_235011/528m53.216s-528m53.504s.wav,無音效,
transcript_20260311_235011,10490,08:51:52.480,08:51:52.768,531m52.480s-531m52.768s.wav,True,感謝[觀收]看,感謝觀看,10284,transcript_20260311_235011/531m52.480s-531m52.768s.wav,無音效,
transcript_20260311_235011,10503,08:52:45.216,08:52:45.440,532m45.216s-532m45.440s.wav,True,我們下[期集]再見,我們下期再見,8236,transcript_20260311_235011/532m45.216s-532m45.440s.wav,無音效,
transcript_20260311_235011,10514,08:53:25.632,08:53:26.080,533m25.632s-533m26.080s.wav,True,字幕,字幕志願者 楊棟樑,15404,transcript_20260311_235011/533m25.632s-533m26.080s.wav,辨識錯誤,是你
transcript_20260311_235011,10558,08:56:43.744,08:56:44.000,536m43.744s-536m44.000s.wav,True,MING PAO,MING PAO CANADA MING PAO TORONTO,9260,transcript_20260311_235011/536m43.744s-536m44.000s.wav,無音效,
transcript_20260311_235011,10578,08:57:51.328,08:57:51.680,537m51.328s-537m51.680s.wav,True,字幕,字幕志願者 李宗盛,12332,transcript_20260311_235011/537m51.328s-537m51.680s.wav,辨識錯誤,可是
transcript_20260312_162616,54,00:04:49.504,00:04:50.176,04m49.504s-04m50.176s.wav,True,感謝[觀收]看,感謝觀看,22572,transcript_20260312_162616/04m49.504s-04m50.176s.wav,辨識錯誤,Gram Master
transcript_20260312_162616,196,00:12:04.352,00:12:04.896,12m04.352s-12m04.896s.wav,True,下[期集]見,下期見,18476,transcript_20260312_162616/12m04.352s-12m04.896s.wav,辨識錯誤,第二個
transcript_20260312_162616,209,00:12:58.048,00:12:58.496,12m58.048s-12m58.496s.wav,True,字幕,中文字幕 李宗盛,15404,transcript_20260312_162616/12m58.048s-12m58.496s.wav,辨識錯誤,跟
transcript_20260312_162616,310,00:19:12.640,00:19:12.992,19m12.640s-19m12.992s.wav,True,我們下[期集]再見,我們下期再見,12332,transcript_20260312_162616/19m12.640s-19m12.992s.wav,無音效,
transcript_20260312_162616,386,00:24:03.744,00:24:03.968,24m03.744s-24m03.968s.wav,True,MING PAO,MING PAO CANADA MING PAO TORONTO,8236,transcript_20260312_162616/24m03.744s-24m03.968s.wav,無音效,
transcript_20260312_162616,395,00:24:28.256,00:24:28.480,24m28.256s-24m28.480s.wav,True,字幕,中文字幕 李宗盛,8236,transcript_20260312_162616/24m28.256s-24m28.480s.wav,無音效,
transcript_20260312_162616,460,00:28:51.936,00:28:52.096,28m51.936s-28m52.096s.wav,True,字幕,中文字幕 李宗盛,6188,transcript_20260312_162616/28m51.936s-28m52.096s.wav,無音效,
transcript_20260312_162616,478,00:30:02.528,00:30:02.720,30m02.528s-30m02.720s.wav,True,字幕,中文字幕 李宗盛,7212,transcript_20260312_162616/30m02.528s-30m02.720s.wav,無音效,
transcript_20260312_162616,484,00:30:38.880,00:30:39.296,30m38.880s-30m39.296s.wav,True,MING PAO,MING PAO CANADA MING PAO TORONTO,14380,transcript_20260312_162616/30m38.880s-30m39.296s.wav,無音效,
transcript_20260312_162616,769,00:49:03.104,00:49:03.520,49m03.104s-49m03.520s.wav,True,字幕,字幕by索蘭婭,14380,transcript_20260312_162616/49m03.104s-49m03.520s.wav,無音效,
transcript_20260312_162616,826,00:52:05.184,00:52:05.440,52m05.184s-52m05.440s.wav,True,字幕,中文字幕提供,9260,transcript_20260312_162616/52m05.184s-52m05.440s.wav,無音效,
transcript_20260312_162616,871,00:54:22.016,00:54:22.336,54m22.016s-54m22.336s.wav,True,MING PAO,MING PAO CANADA MANGA,11308,transcript_20260312_162616/54m22.016s-54m22.336s.wav,無音效,
transcript_20260312_162616,918,00:56:15.616,00:56:16.256,56m15.616s-56m16.256s.wav,True,by bwd6,by bwd6,21548,transcript_20260312_162616/56m15.616s-56m16.256s.wav,辨識錯誤,譬如愛
transcript_20260312_162616,991,01:00:05.824,01:00:06.016,60m05.824s-60m06.016s.wav,True,感謝[觀收]看,感謝觀看,7212,transcript_20260312_162616/60m05.824s-60m06.016s.wav,無音效,
transcript_20260312_162616,1035,01:02:59.264,01:02:59.744,62m59.264s-62m59.744s.wav,True,優優獨播劇場,優優獨播劇場——YoYo Television Series Exclusive,16428,transcript_20260312_162616/62m59.264s-62m59.744s.wav,辨識錯誤,被
transcript_20260312_162616,1037,01:03:02.176,01:03:02.368,63m02.176s-63m02.368s.wav,True,字幕,中文字幕志願者 李宗盛,7212,transcript_20260312_162616/63m02.176s-63m02.368s.wav,無音效,
transcript_20260312_162616,1186,01:12:15.936,01:12:16.256,72m15.936s-72m16.256s.wav,True,字幕,中文字幕 李宗盛,11308,transcript_20260312_162616/72m15.936s-72m16.256s.wav,無音效,
transcript_20260312_162616,1196,01:12:46.432,01:12:46.720,72m46.432s-72m46.720s.wav,True,字幕,字幕志願者 李宗盛,10284,transcript_20260312_162616/72m46.432s-72m46.720s.wav,無音效,
transcript_20260312_162616,1239,01:15:27.328,01:15:27.488,75m27.328s-75m27.488s.wav,True,優優獨播劇場,優優獨播劇場——YoYo Television Series Exclusive,6188,transcript_20260312_162616/75m27.328s-75m27.488s.wav,無音效,
transcript_20260312_162616,1248,01:16:37.312,01:16:37.504,76m37.312s-76m37.504s.wav,True,字幕,字幕志願者 楊棟樑,7212,transcript_20260312_162616/76m37.312s-76m37.504s.wav,無音效,
transcript_20260312_162616,1258,01:17:14.304,01:17:14.432,77m14.304s-77m14.432s.wav,True,字幕,中文字幕志願者 李宗盛,5164,transcript_20260312_162616/77m14.304s-77m14.432s.wav,無音效,
transcript_20260312_162616,1303,01:20:07.776,01:20:08.032,80m07.776s-80m08.032s.wav,True,字幕,中文字幕 李宗盛,9260,transcript_20260312_162616/80m07.776s-80m08.032s.wav,無音效,
transcript_20260312_162616,1362,01:23:58.368,01:23:58.496,83m58.368s-83m58.496s.wav,True,字幕,字幕by索蘭婭,5164,transcript_20260312_162616/83m58.368s-83m58.496s.wav,無音效,
transcript_20260312_162616,1451,01:29:22.912,01:29:23.040,89m22.912s-89m23.040s.wav,True,字幕,字幕by索蘭婭,5164,transcript_20260312_162616/89m22.912s-89m23.040s.wav,無音效,
transcript_20260312_162616,1458,01:29:44.832,01:29:44.960,89m44.832s-89m44.960s.wav,True,字幕,字幕志願者 楊棟樑,5164,transcript_20260312_162616/89m44.832s-89m44.960s.wav,無音效,
transcript_20260312_162616,1481,01:31:09.632,01:31:09.760,91m09.632s-91m09.760s.wav,True,字幕,中文字幕 李宗盛,5164,transcript_20260312_162616/91m09.632s-91m09.760s.wav,無音效,
transcript_20260312_162616,1523,01:33:09.760,01:33:10.080,93m09.760s-93m10.080s.wav,True,明鏡[及與]點點欄目,明鏡及點點欄目,11308,transcript_20260312_162616/93m09.760s-93m10.080s.wav,無音效,
transcript_20260312_162616,1576,01:35:39.488,01:35:39.648,95m39.488s-95m39.648s.wav,True,字幕,中文字幕提供,6188,transcript_20260312_162616/95m39.488s-95m39.648s.wav,無音效,
transcript_20260312_162616,1638,01:38:48.448,01:38:48.928,98m48.448s-98m48.928s.wav,True,下[期集]見,下期見,16428,transcript_20260312_162616/98m48.448s-98m48.928s.wav,辨識錯誤,概念
transcript_20260312_162616,1692,01:42:29.376,01:42:29.632,102m29.376s-102m29.632s.wav,True,字幕,中文字幕志願者 李宗盛,9260,transcript_20260312_162616/102m29.376s-102m29.632s.wav,無音效,
transcript_20260312_162616,1718,01:43:40.896,01:43:41.024,103m40.896s-103m41.024s.wav,True,字幕,字幕志願者 楊棟樑,5164,transcript_20260312_162616/103m40.896s-103m41.024s.wav,無音效,
transcript_20260312_162616,1743,01:45:17.088,01:45:17.216,105m17.088s-105m17.216s.wav,True,MING PAO,MING PAO CANADA MING PAO TORONTO,5164,transcript_20260312_162616/105m17.088s-105m17.216s.wav,無音效,
transcript_20260312_162616,1751,01:45:38.912,01:45:39.072,105m38.912s-105m39.072s.wav,True,字幕,字幕志願者 李宗盛,6188,transcript_20260312_162616/105m38.912s-105m39.072s.wav,無音效,
transcript_20260312_162616,1913,01:54:31.840,01:54:32.000,114m31.840s-114m32.000s.wav,True,字幕,中文字幕提供,6188,transcript_20260312_162616/114m31.840s-114m32.000s.wav,無音效,
transcript_20260312_162616,1918,01:54:43.712,01:54:44.160,114m43.712s-114m44.160s.wav,True,明鏡[及與]點點欄目,明鏡及點點欄目,15404,transcript_20260312_162616/114m43.712s-114m44.160s.wav,辨識錯誤,要是
transcript_20260312_162616,1939,01:56:08.640,01:56:08.960,116m08.640s-116m08.960s.wav,True,明鏡需要您的支援,明鏡需要您的支援 歡迎訂閱明鏡,11308,transcript_20260312_162616/116m08.640s-116m08.960s.wav,無音效,
transcript_20260312_162616,1999,02:00:13.664,02:00:17.824,120m13.664s-120m17.824s.wav,True,我們下[期集]再見,那今天這一集播源錄到這邊別再終於沒有點我們下期再見拜拜,134188,transcript_20260312_162616/120m13.664s-120m17.824s.wav,正確辨識,
transcript_20260312_162616,2084,02:05:49.568,02:05:49.696,125m49.568s-125m49.696s.wav,True,字幕,中文字幕志願者 李宗盛,5164,transcript_20260312_162616/125m49.568s-125m49.696s.wav,無音效,
transcript_20260312_162616,2204,02:12:28.064,02:12:28.416,132m28.064s-132m28.416s.wav,True,字幕,中文字幕 李宗盛,12332,transcript_20260312_162616/132m28.064s-132m28.416s.wav,無音效,
transcript_20260312_162616,2294,02:17:03.712,02:17:03.904,137m03.712s-137m03.904s.wav,True,字幕,中文字幕志願者 楊茜茜,7212,transcript_20260312_162616/137m03.712s-137m03.904s.wav,無音效,
transcript_20260312_162616,2465,02:26:25.344,02:26:25.504,146m25.344s-146m25.504s.wav,True,字幕,中文字幕提供,6188,transcript_20260312_162616/146m25.344s-146m25.504s.wav,無音效,
transcript_20260312_162616,2698,02:39:37.248,02:39:37.408,159m37.248s-159m37.408s.wav,True,字幕,字幕志願者 楊棟樑,6188,transcript_20260312_162616/159m37.248s-159m37.408s.wav,無音效,
transcript_20260312_162616,2915,02:51:12.576,02:51:28.512,171m12.576s-171m28.512s.wav,True,我們下[期集]再見,老子的那個東西少的時候你敢專精而且力道敢集中那你可以看到成果你不相信我們可以再過一陣子五年後來應徵臺積電有沒有機會到2030好吧謝謝好那今天這集播音就到這邊VS中文也沒有電我們下期再見拜拜,511020,transcript_20260312_162616/171m12.576s-171m28.512s.wav,正確辨識,
transcript_20260312_162616,3260,03:11:20.224,03:11:20.384,191m20.224s-191m20.384s.wav,True,MING PAO,MING PAO CANADA // MING PAO TORONTO,6188,transcript_20260312_162616/191m20.224s-191m20.384s.wav,無音效,
transcript_20260312_193928,254,00:11:54.784,00:11:55.264,11m54.784s-11m55.264s.wav,True,下[期集]見,下期見,16428,transcript_20260312_193928/11m54.784s-11m55.264s.wav,辨識錯誤,在
transcript_20260312_193928,278,00:13:16.640,00:13:16.864,13m16.640s-13m16.864s.wav,True,字幕,字幕志願者 楊棟樑,8236,transcript_20260312_193928/13m16.640s-13m16.864s.wav,無音效,
transcript_20260312_193928,299,00:14:15.584,00:14:15.968,14m15.584s-14m15.968s.wav,True,明鏡[及與]點點欄目,明鏡及點點欄目,13356,transcript_20260312_193928/14m15.584s-14m15.968s.wav,無音效,
transcript_20260312_193928,343,00:16:03.648,00:16:04.224,16m03.648s-16m04.224s.wav,True,字幕,字幕志願者 李宗盛,19500,transcript_20260312_193928/16m03.648s-16m04.224s.wav,辨識錯誤,技術
transcript_20260312_193928,509,00:22:33.792,00:22:34.464,22m33.792s-22m34.464s.wav,True,優優獨播劇場,優優獨播劇場——YoYo Television Series Exclusive,22572,transcript_20260312_193928/22m33.792s-22m34.464s.wav,辨識錯誤,balance
transcript_20260312_193928,521,00:22:58.880,00:22:59.360,22m58.880s-22m59.360s.wav,True,字幕,中文字幕 李宗盛,16428,transcript_20260312_193928/22m58.880s-22m59.360s.wav,辨識錯誤,音檔
transcript_20260312_193928,542,00:23:41.504,00:23:41.984,23m41.504s-23m41.984s.wav,True,MING PAO,MING PAO CANADA MANGA,16428,transcript_20260312_193928/23m41.504s-23m41.984s.wav,辨識錯誤,跳
transcript_20260312_193928,584,00:25:01.216,00:25:01.568,25m01.216s-25m01.568s.wav,True,下[期集]見,下期見,12332,transcript_20260312_193928/25m01.216s-25m01.568s.wav,辨識錯誤,覺得
transcript_20260312_193928,734,00:31:38.144,00:31:38.272,31m38.144s-31m38.272s.wav,True,字幕,字幕志願者 楊棟樑,5164,transcript_20260312_193928/31m38.144s-31m38.272s.wav,無音效,
transcript_20260312_193928,813,00:34:57.344,00:34:57.536,34m57.344s-34m57.536s.wav,True,字幕,中文字幕 李宗盛,7212,transcript_20260312_193928/34m57.344s-34m57.536s.wav,無音效,
transcript_20260312_193928,830,00:35:47.040,00:35:52.768,35m47.040s-35m52.768s.wav,True,我們下[期集]再見,謝謝感謝熊仔感謝這集播音部錄到這邊VS綜藝沒有電我們下期再見 掰掰,184364,transcript_20260312_193928/35m47.040s-35m52.768s.wav,無音效,
transcript_20260312_193928,898,00:39:55.712,00:39:56.192,39m55.712s-39m56.192s.wav,True,明鏡[及與]點點欄目,請不吝點贊 訂閱 轉發 打賞支援明鏡與點點欄目,16428,transcript_20260312_193928/39m55.712s-39m56.192s.wav,辨識錯誤,想要
transcript_20260312_193928,996,00:43:59.936,00:44:00.160,43m59.936s-44m00.160s.wav,True,字幕,中文字幕志願者 李宗盛,8236,transcript_20260312_193928/43m59.936s-44m00.160s.wav,無音效,
transcript_20260312_193928,1011,00:44:36.128,00:44:36.864,44m36.128s-44m36.864s.wav,True,明鏡[及與]點點欄目,請不吝點贊 訂閱 轉發 打賞支援明鏡與點點欄目,24620,transcript_20260312_193928/44m36.128s-44m36.864s.wav,辨識錯誤,評估
transcript_20260312_193928,1332,00:56:03.488,00:56:04.064,56m03.488s-56m04.064s.wav,True,字幕,中文字幕志願者 楊棟樑,19500,transcript_20260312_193928/56m03.488s-56m04.064s.wav,辨識錯誤,就有
transcript_20260312_193928,1751,01:12:19.264,01:12:19.616,72m19.264s-72m19.616s.wav,True,下[期集]見,下期見,12332,transcript_20260312_193928/72m19.264s-72m19.616s.wav,辨識錯誤,那
transcript_20260312_193928,1807,01:14:56.640,01:14:56.768,74m56.640s-74m56.768s.wav,True,字幕,中文字幕志願者 李宗盛,5164,transcript_20260312_193928/74m56.640s-74m56.768s.wav,無音效,
transcript_20260312_193928,1929,01:20:06.592,01:20:06.752,80m06.592s-80m06.752s.wav,True,字幕,中文字幕提供,6188,transcript_20260312_193928/80m06.592s-80m06.752s.wav,無音效,
transcript_20260312_193928,2038,01:25:00.640,01:25:01.024,85m00.640s-85m01.024s.wav,True,明鏡[及與]點點欄目,請不吝點贊 訂閱 轉發 打賞支援明鏡與點點欄目,13356,transcript_20260312_193928/85m00.640s-85m01.024s.wav,辨識錯誤,他
transcript_20260312_193928,2075,01:26:39.328,01:26:39.456,86m39.328s-86m39.456s.wav,True,感謝[觀收]看,感謝觀看,5164,transcript_20260312_193928/86m39.328s-86m39.456s.wav,無音效,
transcript_20260312_193928,2138,01:29:34.912,01:29:35.232,89m34.912s-89m35.232s.wav,True,感謝[觀收]看,感謝觀看,11308,transcript_20260312_193928/89m34.912s-89m35.232s.wav,無音效,
transcript_20260312_193928,2245,01:36:04.672,01:36:04.864,96m04.672s-96m04.864s.wav,True,字幕,中文字幕 李宗盛,7212,transcript_20260312_193928/96m04.672s-96m04.864s.wav,無音效,
transcript_20260312_193928,2251,01:36:19.680,01:36:19.808,96m19.680s-96m19.808s.wav,True,字幕,中文字幕 李宗盛,5164,transcript_20260312_193928/96m19.680s-96m19.808s.wav,無音效,
transcript_20260312_193928,2339,01:39:54.976,01:39:55.136,99m54.976s-99m55.136s.wav,True,MING PAO,MING PAO CANADA MING PAO TORONTO,6188,transcript_20260312_193928/99m54.976s-99m55.136s.wav,無音效,
transcript_20260312_193928,2560,01:48:46.432,01:48:46.592,108m46.432s-108m46.592s.wav,True,MING PAO,MING PAO CANADA MING PAO TORONTO,6188,transcript_20260312_193928/108m46.432s-108m46.592s.wav,無音效,
transcript_20260312_193928,2660,01:52:47.616,01:52:47.872,112m47.616s-112m47.872s.wav,True,字幕,中文字幕 李宗盛,9260,transcript_20260312_193928/112m47.616s-112m47.872s.wav,無音效,
transcript_20260312_193928,2821,02:00:05.344,02:00:05.632,120m05.344s-120m05.632s.wav,True,我們下[期集]再見,我們下期再見,10284,transcript_20260312_193928/120m05.344s-120m05.632s.wav,無音效,
transcript_20260312_193928,3046,02:11:14.592,02:11:14.720,131m14.592s-131m14.720s.wav,True,我們下[期集]再見,我們下期再見,5164,transcript_20260312_193928/131m14.592s-131m14.720s.wav,無音效,
transcript_20260312_193928,3054,02:11:32.800,02:11:32.928,131m32.800s-131m32.928s.wav,True,字幕,字幕志願者 楊棟樑,5164,transcript_20260312_193928/131m32.800s-131m32.928s.wav,無音效,
transcript_20260312_193928,3071,02:12:27.872,02:12:28.064,132m27.872s-132m28.064s.wav,True,MING PAO,MING PAO CANADA MANGA,7212,transcript_20260312_193928/132m27.872s-132m28.064s.wav,無音效,
transcript_20260312_193928,3137,02:15:26.784,02:15:26.912,135m26.784s-135m26.912s.wav,True,字幕,中文字幕 李宗盛,5164,transcript_20260312_193928/135m26.784s-135m26.912s.wav,無音效,
transcript_20260312_193928,3201,02:18:23.168,02:18:23.552,138m23.168s-138m23.552s.wav,True,字幕,中文字幕提供,13356,transcript_20260312_193928/138m23.168s-138m23.552s.wav,無音效,
transcript_20260312_193928,3244,02:20:00.704,02:20:01.152,140m00.704s-140m01.152s.wav,True,下[期集]見,下期見,15404,transcript_20260312_193928/140m00.704s-140m01.152s.wav,辨識錯誤,這個
transcript_20260312_193928,3256,02:20:30.080,02:20:30.240,140m30.080s-140m30.240s.wav,True,字幕,中文字幕提供,6188,transcript_20260312_193928/140m30.080s-140m30.240s.wav,無音效,
transcript_20260312_193928,3273,02:21:05.728,02:21:05.856,141m05.728s-141m05.856s.wav,True,字幕,字幕志願者 李宗盛,5164,transcript_20260312_193928/141m05.728s-141m05.856s.wav,無音效,
transcript_20260312_193928,3379,02:24:56.864,02:24:57.088,144m56.864s-144m57.088s.wav,True,字幕,中文字幕 李宗盛,8236,transcript_20260312_193928/144m56.864s-144m57.088s.wav,無音效,
transcript_20260312_193928,3386,02:25:08.352,02:25:09.120,145m08.352s-145m09.120s.wav,True,明鏡[及與]點點欄目,請不吝點贊 訂閱 轉發 打賞支援明鏡與點點欄目,25644,transcript_20260312_193928/145m08.352s-145m09.120s.wav,辨識錯誤,就那些
transcript_20260312_193928,3543,02:31:13.952,02:31:14.400,151m13.952s-151m14.400s.wav,True,字幕,中文字幕提供,15404,transcript_20260312_193928/151m13.952s-151m14.400s.wav,辨識錯誤,就
transcript_20260312_193928,3585,02:33:14.976,02:33:15.168,153m14.976s-153m15.168s.wav,True,感謝[觀收]看,感謝觀看,7212,transcript_20260312_193928/153m14.976s-153m15.168s.wav,無音效,
transcript_20260312_193928,3758,02:40:25.408,02:40:25.536,160m25.408s-160m25.536s.wav,True,字幕,中文字幕志願者 李宗盛,5164,transcript_20260312_193928/160m25.408s-160m25.536s.wav,無音效,
transcript_20260312_193928,3922,02:47:05.056,02:47:05.184,167m05.056s-167m05.184s.wav,True,字幕,中文字幕提供,5164,transcript_20260312_193928/167m05.056s-167m05.184s.wav,無音效,
transcript_20260312_193928,3950,02:48:02.080,02:48:02.272,168m02.080s-168m02.272s.wav,True,MING PAO,MING PAO CANADA MING PAO TORONTO,7212,transcript_20260312_193928/168m02.080s-168m02.272s.wav,無音效,
transcript_20260312_193928,3994,02:49:37.088,02:49:37.280,169m37.088s-169m37.280s.wav,True,感謝[觀收]看,感謝觀看,7212,transcript_20260312_193928/169m37.088s-169m37.280s.wav,無音效,
transcript_20260312_193928,4031,02:51:44.864,02:51:49.728,171m44.864s-171m49.728s.wav,True,我們下[期集]再見,再次感謝宋醫師謝謝你今天這集播音錄到這邊VS綜藝沒有底我們下期再見掰掰,156716,transcript_20260312_193928/171m44.864s-171m49.728s.wav,正確辨識,
transcript_20260312_193928,4231,03:06:02.624,03:06:02.848,186m02.624s-186m02.848s.wav,True,字幕,中文字幕 李宗盛,8236,transcript_20260312_193928/186m02.624s-186m02.848s.wav,無音效,
transcript_20260312_193928,4469,03:18:07.808,03:18:08.000,198m07.808s-198m08.000s.wav,True,感謝[觀收]看,感謝觀看,7212,transcript_20260312_193928/198m07.808s-198m08.000s.wav,無音效,
transcript_20260312_193928,4627,03:26:41.664,03:26:41.920,206m41.664s-206m41.920s.wav,True,字幕,中文字幕提供,9260,transcript_20260312_193928/206m41.664s-206m41.920s.wav,辨識錯誤,去
transcript_20260312_193928,4702,03:32:26.432,03:32:31.680,212m26.432s-212m31.680s.wav,True,我們下[期集]再見,再次感謝Joe來這邊分享謝謝今天這集播音錄到這邊別忘了訂閱我的頻道我們下集再見 掰掰,169004,transcript_20260312_193928/212m26.432s-212m31.680s.wav,正確辨識,
transcript_20260312_193928,4764,03:39:27.616,03:39:27.968,219m27.616s-219m27.968s.wav,True,我們下[期集]再見,我們下期再見,12332,transcript_20260312_193928/219m27.616s-219m27.968s.wav,無音效,
transcript_20260312_193928,5020,03:54:52.864,03:54:53.440,234m52.864s-234m53.440s.wav,True,下[期集]見,下集見,19500,transcript_20260312_193928/234m52.864s-234m53.440s.wav,辨識錯誤,交給
transcript_20260312_193928,5262,04:06:34.432,04:06:34.560,246m34.432s-246m34.560s.wav,True,字幕,中文字幕提供,5164,transcript_20260312_193928/246m34.432s-246m34.560s.wav,無音效,
transcript_20260312_193928,5272,04:07:15.168,04:07:15.904,247m15.168s-247m15.904s.wav,True,明鏡[及與]點點欄目,請不吝點贊 訂閱 轉發支援明鏡與點點欄目,24620,transcript_20260312_193928/247m15.168s-247m15.904s.wav,辨識錯誤,轉發
transcript_20260312_193928,5393,04:14:53.984,04:14:54.112,254m53.984s-254m54.112s.wav,True,字幕,中文字幕 李宗盛,5164,transcript_20260312_193928/254m53.984s-254m54.112s.wav,無音效,
transcript_20260312_193928,5405,04:15:24.448,04:15:24.736,255m24.448s-255m24.736s.wav,True,感謝[觀收]看,感謝觀看,10284,transcript_20260312_193928/255m24.448s-255m24.736s.wav,無音效,
transcript_20260312_193928,5473,04:19:38.528,04:19:38.752,259m38.528s-259m38.752s.wav,True,字幕,中文字幕 李宗盛,8236,transcript_20260312_193928/259m38.528s-259m38.752s.wav,無音效,
transcript_20260312_193928,5492,04:20:34.880,04:20:44.320,260m34.880s-260m44.320s.wav,True,我們下[期集]再見,非常感謝Zizi的分享謝謝博恩希望大家聽了之後有開啟眼界也有更多的思考那今天這集播音錄到這邊別的中間沒有點我們下集再見拜拜,303148,transcript_20260312_193928/260m34.880s-260m44.320s.wav,正確辨識,
transcript_20260312_193928,5566,04:27:06.272,04:27:06.400,267m06.272s-267m06.400s.wav,True,字幕,字幕志願者 楊棟樑,5164,transcript_20260312_193928/267m06.272s-267m06.400s.wav,無音效,
transcript_20260312_193928,5601,04:29:53.664,04:29:53.856,269m53.664s-269m53.856s.wav,True,字幕,字幕志願者 楊茜茜,7212,transcript_20260312_193928/269m53.664s-269m53.856s.wav,無音效,
transcript_20260312_193928,5602,04:29:53.920,04:29:54.432,269m53.920s-269m54.432s.wav,True,字幕,字幕by索蘭婭,17452,transcript_20260312_193928/269m53.920s-269m54.432s.wav,辨識錯誤,可是
transcript_20260312_193928,5658,04:32:25.440,04:32:25.824,272m25.440s-272m25.824s.wav,True,by bwd6,by bwd6,13356,transcript_20260312_193928/272m25.440s-272m25.824s.wav,辨識錯誤,被
transcript_20260312_193928,5673,04:32:57.280,04:32:57.440,272m57.280s-272m57.440s.wav,True,字幕,中文字幕提供,6188,transcript_20260312_193928/272m57.280s-272m57.440s.wav,無音效,
transcript_20260312_193928,5689,04:33:32.608,04:33:33.536,273m32.608s-273m33.536s.wav,True,MING PAO,MING PAO CANADA // MING PAO TORONTO,30764,transcript_20260312_193928/273m32.608s-273m33.536s.wav,辨識錯誤,給新聞部
transcript_20260312_193928,5814,04:39:52.640,04:39:52.832,279m52.640s-279m52.832s.wav,True,字幕,字幕志願者 李宗盛,7212,transcript_20260312_193928/279m52.640s-279m52.832s.wav,無音效,
transcript_20260312_193928,5883,04:44:07.488,04:44:08.032,284m07.488s-284m08.032s.wav,True,字幕,字幕by索蘭婭,18476,transcript_20260312_193928/284m07.488s-284m08.032s.wav,辨識錯誤,至少
transcript_20260312_193928,6168,04:58:39.200,04:58:39.456,298m39.200s-298m39.456s.wav,True,字幕,字幕由 Amara.org 社群提供,9260,transcript_20260312_193928/298m39.200s-298m39.456s.wav,無音效,
transcript_20260312_193928,6177,04:59:03.040,04:59:03.232,299m03.040s-299m03.232s.wav,True,字幕,中文字幕提供,7212,transcript_20260312_193928/299m03.040s-299m03.232s.wav,無音效,
transcript_20260312_193928,6193,04:59:33.408,04:59:33.600,299m33.408s-299m33.600s.wav,True,字幕,字幕志願者 楊茜茜,7212,transcript_20260312_193928/299m33.408s-299m33.600s.wav,無音效,
transcript_20260312_193928,6246,05:02:19.936,05:02:20.096,302m19.936s-302m20.096s.wav,True,字幕,中文字幕提供,6188,transcript_20260312_193928/302m19.936s-302m20.096s.wav,無音效,
transcript_20260312_193928,6312,05:06:05.664,05:06:05.984,306m05.664s-306m05.984s.wav,True,MING PAO,MING PAO CANADA MING PAO TORONTO,11308,transcript_20260312_193928/306m05.664s-306m05.984s.wav,無音效,
transcript_20260312_193928,6391,05:10:19.392,05:10:19.520,310m19.392s-310m19.520s.wav,True,字幕,字幕志願者 李宗盛,5164,transcript_20260312_193928/310m19.392s-310m19.520s.wav,無音效,
transcript_20260312_193928,6393,05:10:22.208,05:10:25.184,310m22.208s-310m25.184s.wav,True,我們下[期集]再見,今天這集播音錄到這邊別在周圍沒有點我們下期再見拜拜,96300,transcript_20260312_193928/310m22.208s-310m25.184s.wav,正確辨識,
transcript_20260312_193928,6596,05:26:02.656,05:26:02.816,326m02.656s-326m02.816s.wav,True,字幕,中文字幕提供,6188,transcript_20260312_193928/326m02.656s-326m02.816s.wav,無音效,
transcript_20260312_193928,6599,05:26:12.128,05:26:12.384,326m12.128s-326m12.384s.wav,True,我們下[期集]再見,我們下期再見,9260,transcript_20260312_193928/326m12.128s-326m12.384s.wav,無音效,
transcript_20260312_193928,6605,05:26:32.224,05:26:32.608,326m32.224s-326m32.608s.wav,True,MING PAO,MING PAO CANADA MING PAO TORONTO,13356,transcript_20260312_193928/326m32.224s-326m32.608s.wav,辨識錯誤,嗎
transcript_20260312_193928,6651,05:29:41.696,05:29:41.824,329m41.696s-329m41.824s.wav,True,字幕,中文字幕 李宗盛,5164,transcript_20260312_193928/329m41.696s-329m41.824s.wav,無音效,
transcript_20260312_193928,6701,05:33:37.728,05:33:37.856,333m37.728s-333m37.856s.wav,True,字幕,中文字幕志願者 李宗盛,5164,transcript_20260312_193928/333m37.728s-333m37.856s.wav,無音效,
transcript_20260312_193928,6806,05:42:45.632,05:42:45.792,342m45.632s-342m45.792s.wav,True,字幕,字幕志願者 楊棟樑,6188,transcript_20260312_193928/342m45.632s-342m45.792s.wav,無音效,
transcript_20260312_193928,6920,05:51:10.432,05:51:10.560,351m10.432s-351m10.560s.wav,True,明鏡[及與]點點欄目,明鏡與點點欄目,5164,transcript_20260312_193928/351m10.432s-351m10.560s.wav,無音效,
transcript_20260313_014907,27,00:01:47.840,00:01:48.000,01m47.840s-01m48.000s.wav,True,字幕,中文字幕提供,6188,transcript_20260313_014907/01m47.840s-01m48.000s.wav,無音效,
transcript_20260313_015118,10,00:00:24.704,00:00:25.408,00m24.704s-00m25.408s.wav,True,下[期集]見,"多謝您的收看,我們下期見!",23596,transcript_20260313_015118/00m24.704s-00m25.408s.wav,辨識錯誤,多工
transcript_20260313_015118,203,00:14:28.640,00:14:28.768,14m28.640s-14m28.768s.wav,True,字幕,中文字幕志願者 李宗盛,5164,transcript_20260313_015118/14m28.640s-14m28.768s.wav,無音效,
transcript_20260313_015118,376,00:26:23.808,00:26:24.064,26m23.808s-26m24.064s.wav,True,感謝[觀收]看,感謝觀看,9260,transcript_20260313_015118/26m23.808s-26m24.064s.wav,無音效,
transcript_20260313_015118,488,00:33:38.272,00:33:48.192,33m38.272s-33m48.192s.wav,True,我們下[期集]再見,可以挑熱一點點哈哈哈哈我個人最喜歡好今天再次非常非常感謝謝謝那今天這集播音部到這邊VS中間沒有電我們下集再見拜拜,318508,transcript_20260313_015118/33m38.272s-33m48.192s.wav,正確辨識,
transcript_20260313_015118,506,00:35:36.096,00:35:36.704,35m36.096s-35m36.704s.wav,True,下[期集]見,下集見,20524,transcript_20260313_015118/35m36.096s-35m36.704s.wav,辨識錯誤,大家好
transcript_20260313_015118,965,01:04:24.448,01:04:24.640,64m24.448s-64m24.640s.wav,True,字幕,中文字幕提供,7212,transcript_20260313_015118/64m24.448s-64m24.640s.wav,無音效,
transcript_20260313_015118,1434,01:33:56.832,01:33:56.992,93m56.832s-93m56.992s.wav,True,字幕,字幕by索蘭婭,6188,transcript_20260313_015118/93m56.832s-93m56.992s.wav,無音效,
transcript_20260313_015118,1609,01:50:47.904,01:50:48.032,110m47.904s-110m48.032s.wav,True,字幕,字幕志願者 楊棟樑,5164,transcript_20260313_015118/110m47.904s-110m48.032s.wav,無音效,
transcript_20260313_015118,1722,02:00:18.816,02:00:18.944,120m18.816s-120m18.944s.wav,True,字幕,中文字幕提供,5164,transcript_20260313_015118/120m18.816s-120m18.944s.wav,無音效,
transcript_20260313_015118,1753,02:02:14.432,02:02:14.784,122m14.432s-122m14.784s.wav,True,MING PAO,MING PAO CANADA MING PAO TORONTO,12332,transcript_20260313_015118/122m14.432s-122m14.784s.wav,無音效,
transcript_20260313_015118,2035,02:23:38.240,02:23:38.656,143m38.240s-143m38.656s.wav,True,明鏡[及與]點點欄目,明鏡及點點欄目,14380,transcript_20260313_015118/143m38.240s-143m38.656s.wav,無音效,
transcript_20260313_015118,2115,02:28:54.272,02:28:54.400,148m54.272s-148m54.400s.wav,True,字幕,字幕志願者 楊棟樑,5164,transcript_20260313_015118/148m54.272s-148m54.400s.wav,無音效,
transcript_20260313_015118,2156,02:31:38.912,02:31:39.072,151m38.912s-151m39.072s.wav,True,字幕,字幕志願者 楊茜茜,6188,transcript_20260313_015118/151m38.912s-151m39.072s.wav,無音效,
transcript_20260313_015118,2164,02:32:08.992,02:32:09.280,152m08.992s-152m09.280s.wav,True,字幕,中文字幕志願者 楊棟樑,10284,transcript_20260313_015118/152m08.992s-152m09.280s.wav,無音效,
transcript_20260313_015118,2373,02:46:16.672,02:46:16.832,166m16.672s-166m16.832s.wav,True,感謝[觀收]看,感謝觀看,6188,transcript_20260313_015118/166m16.672s-166m16.832s.wav,無音效,
transcript_20260313_015118,2392,02:47:14.304,02:47:14.528,167m14.304s-167m14.528s.wav,True,下[期集]見,下期見,8236,transcript_20260313_015118/167m14.304s-167m14.528s.wav,無音效,
transcript_20260313_015118,2424,02:48:42.496,02:48:45.280,168m42.496s-168m45.280s.wav,True,字幕,就比如說你之前說在上字幕的時候,90156,transcript_20260313_015118/168m42.496s-168m45.280s.wav,正確辨識,
transcript_20260313_015118,2425,02:48:45.408,02:48:49.760,168m45.408s-168m49.760s.wav,True,字幕,說那我這個字幕可以打多快然後好像在練打字速度,140332,transcript_20260313_015118/168m45.408s-168m49.760s.wav,正確辨識,
transcript_20260313_015118,2727,03:04:50.560,03:04:50.688,184m50.560s-184m50.688s.wav,True,字幕,中文字幕 李宗盛,5164,transcript_20260313_015118/184m50.560s-184m50.688s.wav,無音效,
transcript_20260313_015118,2851,03:12:10.624,03:12:10.752,192m10.624s-192m10.752s.wav,True,MING PAO,MING PAO CANADA MING PAO TORONTO,5164,transcript_20260313_015118/192m10.624s-192m10.752s.wav,無音效,
transcript_20260313_015118,2887,03:13:40.032,03:13:40.224,193m40.032s-193m40.224s.wav,True,字幕,中文字幕 李宗盛,7212,transcript_20260313_015118/193m40.032s-193m40.224s.wav,無音效,
transcript_20260313_015118,2899,03:14:04.224,03:14:04.832,194m04.224s-194m04.832s.wav,True,明鏡[及與]點點欄目,請不吝點贊 訂閱 轉發 打賞支援明鏡與點點欄目,20524,transcript_20260313_015118/194m04.224s-194m04.832s.wav,辨識錯誤,影片
transcript_20260313_015118,2915,03:14:38.048,03:14:38.368,194m38.048s-194m38.368s.wav,True,MING PAO,MING PAO CANADA MANGA,11308,transcript_20260313_015118/194m38.048s-194m38.368s.wav,無音效,
transcript_20260313_015118,2969,03:18:19.712,03:18:19.936,198m19.712s-198m19.936s.wav,True,感謝[觀收]看,感謝觀看,8236,transcript_20260313_015118/198m19.712s-198m19.936s.wav,無音效,
transcript_20260313_015118,3156,03:28:58.976,03:28:59.712,208m58.976s-208m59.712s.wav,True,明鏡需要您的支援,明鏡需要您的支援 歡迎訂閱明鏡,24620,transcript_20260313_015118/208m58.976s-208m59.712s.wav,辨識錯誤,就得
transcript_20260313_015118,3302,03:41:15.328,03:41:15.584,221m15.328s-221m15.584s.wav,True,感謝[觀收]看,感謝觀看,9260,transcript_20260313_015118/221m15.328s-221m15.584s.wav,無音效,
transcript_20260313_015118,3370,03:46:01.120,03:46:01.280,226m01.120s-226m01.280s.wav,True,字幕,字幕志願者 楊茜茜,6188,transcript_20260313_015118/226m01.120s-226m01.280s.wav,無音效,
transcript_20260313_015118,3426,03:50:30.720,03:50:30.848,230m30.720s-230m30.848s.wav,True,字幕,字幕志願者 楊茜茜,5164,transcript_20260313_015118/230m30.720s-230m30.848s.wav,無音效,
transcript_20260313_015118,3450,03:51:43.488,03:51:43.872,231m43.488s-231m43.872s.wav,True,明鏡[及與]點點欄目,明鏡及點點欄目,13356,transcript_20260313_015118/231m43.488s-231m43.872s.wav,辨識錯誤,沒有
transcript_20260313_015118,3455,03:52:01.696,03:52:01.920,232m01.696s-232m01.920s.wav,True,字幕,字幕by索蘭婭,8236,transcript_20260313_015118/232m01.696s-232m01.920s.wav,無音效,
transcript_20260313_015118,3481,03:53:44.256,03:53:44.544,233m44.256s-233m44.544s.wav,True,字幕,中文字幕志願者 李宗盛,10284,transcript_20260313_015118/233m44.256s-233m44.544s.wav,無音效,
transcript_20260313_015118,3532,03:57:23.648,03:57:23.776,237m23.648s-237m23.776s.wav,True,字幕,字幕志願者 李宗盛,5164,transcript_20260313_015118/237m23.648s-237m23.776s.wav,無音效,
transcript_20260313_015118,3574,04:00:13.952,04:00:14.080,240m13.952s-240m14.080s.wav,True,字幕,字幕志願者 楊棟樑,5164,transcript_20260313_015118/240m13.952s-240m14.080s.wav,無音效,
transcript_20260313_015118,3604,04:02:39.008,04:02:39.168,242m39.008s-242m39.168s.wav,True,字幕,中文字幕 李宗盛,6188,transcript_20260313_015118/242m39.008s-242m39.168s.wav,無音效,
transcript_20260313_015118,3636,04:04:26.592,04:04:27.008,244m26.592s-244m27.008s.wav,True,字幕,字幕志願者 楊棟樑,14380,transcript_20260313_015118/244m26.592s-244m27.008s.wav,無音效,
transcript_20260313_015118,3638,04:04:30.240,04:04:30.528,244m30.240s-244m30.528s.wav,True,感謝[觀收]看,感謝觀看,10284,transcript_20260313_015118/244m30.240s-244m30.528s.wav,無音效,
transcript_20260313_015118,3879,04:19:53.664,04:19:54.048,259m53.664s-259m54.048s.wav,True,優優獨播劇場,優優獨播劇場——YoYo Television Series Exclusive,13356,transcript_20260313_015118/259m53.664s-259m54.048s.wav,無音效,
transcript_20260313_015118,3907,04:21:45.792,04:21:46.016,261m45.792s-261m46.016s.wav,True,字幕,字幕提供者 李宗盛,8236,transcript_20260313_015118/261m45.792s-261m46.016s.wav,無音效,
transcript_20260313_015118,3926,04:22:52.192,04:22:52.608,262m52.192s-262m52.608s.wav,True,字幕,中文字幕提供,14380,transcript_20260313_015118/262m52.192s-262m52.608s.wav,無音效,
transcript_20260313_015118,3964,04:24:50.208,04:24:50.496,264m50.208s-264m50.496s.wav,True,字幕,中文字幕 李宗盛,10284,transcript_20260313_015118/264m50.208s-264m50.496s.wav,無音效,
transcript_20260313_015118,3983,04:25:50.976,04:25:51.776,265m50.976s-265m51.776s.wav,True,明鏡[及與]點點欄目,明鏡與點點欄目,26668,transcript_20260313_015118/265m50.976s-265m51.776s.wav,無法辨識,
transcript_20260313_015118,4066,04:34:21.152,04:34:21.312,274m21.152s-274m21.312s.wav,True,感謝[觀收]看,感謝觀看,6188,transcript_20260313_015118/274m21.152s-274m21.312s.wav,無音效,
transcript_20260313_015118,4227,04:47:29.728,04:47:30.080,287m29.728s-287m30.080s.wav,True,優優獨播劇場,優優獨播劇場——YoYo Television Series Exclusive,12332,transcript_20260313_015118/287m29.728s-287m30.080s.wav,辨識錯誤,我就
transcript_20260313_015118,4474,05:08:48.672,05:08:49.024,308m48.672s-308m49.024s.wav,True,字幕,字幕志願者 楊棟樑,12332,transcript_20260313_015118/308m48.672s-308m49.024s.wav,無音效,
transcript_20260313_015118,4794,05:42:56.288,05:42:56.768,342m56.288s-342m56.768s.wav,True,字幕,字幕by索蘭婭,16428,transcript_20260313_015118/342m56.288s-342m56.768s.wav,辨識錯誤,就是
transcript_20260313_015118,4827,05:46:32.512,05:46:32.640,346m32.512s-346m32.640s.wav,True,字幕,中文字幕 李宗盛,5164,transcript_20260313_015118/346m32.512s-346m32.640s.wav,無音效,
transcript_20260313_015118,4835,05:47:15.136,05:47:15.264,347m15.136s-347m15.264s.wav,True,MING PAO,MING PAO CANADA MING PAO TORONTO,5164,transcript_20260313_015118/347m15.136s-347m15.264s.wav,無音效,
transcript_20260313_015118,4916,05:57:32.640,05:57:32.768,357m32.640s-357m32.768s.wav,True,MING PAO,MING PAO CANADA // MING PAO TORONTO,5164,transcript_20260313_015118/357m32.640s-357m32.768s.wav,無音效,
transcript_20260313_015118,4959,06:01:16.992,06:01:17.440,361m16.992s-361m17.440s.wav,True,字幕,字幕志願者 楊棟樑,15404,transcript_20260313_015118/361m16.992s-361m17.440s.wav,無音效,
transcript_20260313_015118,4997,06:05:53.248,06:05:56.384,365m53.248s-365m56.384s.wav,True,明鏡[及與]點點欄目,今天這一集播放到這邊別忘了點贊 訂閱 轉發 打賞支援明鏡與點點欄目我們下一集再見拜拜,101420,transcript_20260313_015118/365m53.248s-365m56.384s.wav,正確辨識,
transcript_20260313_015118,5523,06:45:40.736,06:45:40.864,405m40.736s-405m40.864s.wav,True,字幕,中文字幕提供,5164,transcript_20260313_015118/405m40.736s-405m40.864s.wav,無音效,
transcript_20260313_015118,5718,06:59:35.232,06:59:36.000,419m35.232s-419m36.000s.wav,True,我們下[期集]再見,我們下期再見,25644,transcript_20260313_015118/419m35.232s-419m36.000s.wav,辨識錯誤,非常早的
transcript_20260313_015118,5784,07:03:33.024,07:03:33.376,423m33.024s-423m33.376s.wav,True,字幕,字幕by索蘭婭,12332,transcript_20260313_015118/423m33.024s-423m33.376s.wav,辨識錯誤,這
transcript_20260313_015118,5863,07:09:06.368,07:09:06.784,429m06.368s-429m06.784s.wav,True,字幕,字幕志願者 楊棟樑,14380,transcript_20260313_015118/429m06.368s-429m06.784s.wav,辨識錯誤,自己
transcript_20260313_015118,6145,07:25:58.624,07:25:58.752,445m58.624s-445m58.752s.wav,True,感謝[觀收]看,感謝觀看,5164,transcript_20260313_015118/445m58.624s-445m58.752s.wav,無音效,
transcript_20260313_015118,6252,07:33:32.288,07:33:32.416,453m32.288s-453m32.416s.wav,True,字幕,字幕志願者 楊茜茜,5164,transcript_20260313_015118/453m32.288s-453m32.416s.wav,無音效,
transcript_20260313_015118,6625,08:01:21.952,08:01:22.400,481m21.952s-481m22.400s.wav,True,明鏡[及與]點點欄目,請不吝點贊 訂閱 轉發 打賞支援明鏡與點點欄目,15404,transcript_20260313_015118/481m21.952s-481m22.400s.wav,無法辨識,
transcript_20260313_015118,6744,08:09:32.064,08:09:32.224,489m32.064s-489m32.224s.wav,True,字幕,字幕志願者 楊棟樑,6188,transcript_20260313_015118/489m32.064s-489m32.224s.wav,無音效,
transcript_20260313_015118,6774,08:10:49.440,08:10:49.696,490m49.440s-490m49.696s.wav,True,字幕,中文字幕提供,9260,transcript_20260313_015118/490m49.440s-490m49.696s.wav,無音效,
transcript_20260313_015118,6788,08:11:26.080,08:11:26.304,491m26.080s-491m26.304s.wav,True,感謝[觀收]看,感謝觀看,8236,transcript_20260313_015118/491m26.080s-491m26.304s.wav,無音效,
transcript_20260313_015118,6919,08:21:41.056,08:21:41.824,501m41.056s-501m41.824s.wav,True,明鏡需要您的支援,明鏡需要您的支援 歡迎訂閱明鏡,25644,transcript_20260313_015118/501m41.056s-501m41.824s.wav,辨識錯誤,北邊在
transcript_20260313_015118,6951,08:23:34.208,08:23:34.368,503m34.208s-503m34.368s.wav,True,感謝[觀收]看,感謝觀看,6188,transcript_20260313_015118/503m34.208s-503m34.368s.wav,無音效,
transcript_20260313_015118,6967,08:24:23.328,08:24:23.680,504m23.328s-504m23.680s.wav,True,MING PAO,MING PAO CANADA // MING PAO TORONTO,12332,transcript_20260313_015118/504m23.328s-504m23.680s.wav,辨識錯誤,0
transcript_20260313_015118,7101,08:32:24.096,08:32:24.576,512m24.096s-512m24.576s.wav,True,明鏡需要您的支援,明鏡需要您的支援 歡迎訂閱明鏡,16428,transcript_20260313_015118/512m24.096s-512m24.576s.wav,辨識錯誤,驗
transcript_20260313_015118,7131,08:34:22.880,08:34:23.264,514m22.880s-514m23.264s.wav,True,字幕,中文字幕提供,13356,transcript_20260313_015118/514m22.880s-514m23.264s.wav,無音效,
transcript_20260313_015118,7159,08:35:33.472,08:35:34.016,515m33.472s-515m34.016s.wav,True,明鏡[及與]點點欄目,明鏡與點點欄目,18476,transcript_20260313_015118/515m33.472s-515m34.016s.wav,辨識錯誤,每一年
transcript_20260313_015118,7192,08:37:02.816,08:37:02.944,517m02.816s-517m02.944s.wav,True,字幕,中文字幕提供,5164,transcript_20260313_015118/517m02.816s-517m02.944s.wav,無音效,
transcript_20260313_015118,7214,08:37:50.080,08:37:50.496,517m50.080s-517m50.496s.wav,True,明鏡[及與]點點欄目,明鏡與點點欄目,14380,transcript_20260313_015118/517m50.080s-517m50.496s.wav,辨識錯誤,陰道
transcript_20260313_015118,7332,08:45:03.360,08:45:04.480,525m03.360s-525m04.480s.wav,True,優優獨播劇場,優優獨播劇場——YoYo Television Series Exclusive,36908,transcript_20260313_015118/525m03.360s-525m04.480s.wav,無音效,
transcript_20260313_015118,7333,08:45:04.800,08:45:05.632,525m04.800s-525m05.632s.wav,True,下[期集]見,下期見,27692,transcript_20260313_015118/525m04.800s-525m05.632s.wav,無音效,19bs.
transcript_20260313_015118,7381,08:47:43.040,08:47:43.808,527m43.040s-527m43.808s.wav,True,明鏡需要您的支援,明鏡需要您的支援 歡迎訂閱明鏡,25644,transcript_20260313_015118/527m43.040s-527m43.808s.wav,辨識錯誤,所以
transcript_20260313_015118,7457,08:52:42.400,08:52:52.096,532m42.400s-532m52.096s.wav,True,"(.)\1{10,}",四個小時吧ㄟㄟㄟㄟㄟㄟㄟㄟㄟㄟㄟㄟㄟㄟㄟㄟ今天也是辛苦你我今天也是從黃天上來對辛苦你還好了還有另外的地方可以去的任何的有,311340,transcript_20260313_015118/532m42.400s-532m52.096s.wav,正確辨識,
transcript_20260313_015118,7491,08:54:06.528,08:54:06.656,534m06.528s-534m06.656s.wav,True,字幕,中文字幕 李宗盛,5164,transcript_20260313_015118/534m06.528s-534m06.656s.wav,無音效,
transcript_20260313_015118,7494,08:54:26.112,08:54:26.464,534m26.112s-534m26.464s.wav,True,字幕,字幕by索蘭婭,12332,transcript_20260313_015118/534m26.112s-534m26.464s.wav,無音效,
transcript_20260313_015118,7553,09:10:23.744,09:10:24.288,550m23.744s-550m24.288s.wav,True,字幕,字幕by索蘭婭,18476,transcript_20260313_015118/550m23.744s-550m24.288s.wav,辨識錯誤,博
transcript_20260313_015118,7638,09:27:16.576,09:27:16.704,567m16.576s-567m16.704s.wav,True,MING PAO,MING PAO CANADA // MING PAO TORONTO,5164,transcript_20260313_015118/567m16.576s-567m16.704s.wav,無音效,
transcript_20260313_015118,7659,09:28:22.400,09:28:22.528,568m22.400s-568m22.528s.wav,True,字幕,字幕志願者 楊茜茜,5164,transcript_20260313_015118/568m22.400s-568m22.528s.wav,無音效,
transcript_20260313_015118,7747,09:43:06.272,09:43:06.944,583m06.272s-583m06.944s.wav,True,字幕,中文字幕志願者 楊棟樑,22572,transcript_20260313_015118/583m06.272s-583m06.944s.wav,辨識錯誤,就代表
transcript_20260313_015118,7794,09:49:11.584,09:49:12.480,589m11.584s-589m12.480s.wav,True,明鏡[及與]點點欄目,別忘了點贊 轉發 打賞支援明鏡與點點欄目,29740,transcript_20260313_015118/589m11.584s-589m12.480s.wav,無法辨識,
transcript_20260313_015118,7824,09:53:52.160,09:53:52.416,593m52.160s-593m52.416s.wav,True,字幕,字幕由 Amara.org 社群提供,9260,transcript_20260313_015118/593m52.160s-593m52.416s.wav,無法辨識,
transcript_20260313_015118,8002,10:15:11.232,10:15:11.360,615m11.232s-615m11.360s.wav,True,字幕,中文字幕志願者 李宗盛,5164,transcript_20260313_015118/615m11.232s-615m11.360s.wav,無音效,
transcript_20260313_015118,8148,10:27:35.072,10:27:35.200,627m35.072s-627m35.200s.wav,True,MING PAO,MING PAO CANADA // MING PAO TORONTO,5164,transcript_20260313_015118/627m35.072s-627m35.200s.wav,無音效,
transcript_20260313_015118,8154,10:28:00.160,10:28:00.448,628m00.160s-628m00.448s.wav,True,字幕,中文字幕提供,10284,transcript_20260313_015118/628m00.160s-628m00.448s.wav,無音效,
transcript_20260313_015118,8167,10:28:20.352,10:28:20.544,628m20.352s-628m20.544s.wav,True,MING PAO,MING PAO CANADA // MING PAO TORONTO,7212,transcript_20260313_015118/628m20.352s-628m20.544s.wav,無音效,
transcript_20260313_015118,8210,10:38:08.128,10:38:08.992,638m08.128s-638m08.992s.wav,True,優優獨播劇場,優優獨播劇場——YoYo Television Series Exclusive,28716,transcript_20260313_015118/638m08.128s-638m08.992s.wav,無法辨識,
transcript_20260313_015118,8269,10:53:54.848,10:53:55.360,653m54.848s-653m55.360s.wav,True,優優獨播劇場,優優獨播劇場——YoYo Television Series Exclusive,17452,transcript_20260313_015118/653m54.848s-653m55.360s.wav,無法辨識,
transcript_20260313_015118,8338,10:56:53.792,10:56:55.456,656m53.792s-656m55.456s.wav,True,明鏡需要您的支援,明鏡需要您的支援 歡迎訂閱明鏡,54316,transcript_20260313_015118/656m53.792s-656m55.456s.wav,辨識錯誤,第一年基金摸了後來
transcript_20260313_015118,8341,10:56:58.880,10:56:59.392,656m58.880s-656m59.392s.wav,True,優優獨播劇場,優優獨播劇場——YoYo Television Series Exclusive,17452,transcript_20260313_015118/656m58.880s-656m59.392s.wav,無法辨識,
transcript_20260313_015118,8409,11:00:17.408,11:00:18.112,660m17.408s-660m18.112s.wav,True,明鏡[及與]點點欄目,明鏡與點點欄目,23596,transcript_20260313_015118/660m17.408s-660m18.112s.wav,辨識錯誤,一年
transcript_20260313_015118,8472,11:03:02.688,11:03:03.200,663m02.688s-663m03.200s.wav,True,字幕,字幕志願者 楊棟樑,17452,transcript_20260313_015118/663m02.688s-663m03.200s.wav,辨識錯誤,真
transcript_20260313_015118,8514,11:05:48.640,11:05:48.768,665m48.640s-665m48.768s.wav,True,字幕,中文字幕 李宗盛,5164,transcript_20260313_015118/665m48.640s-665m48.768s.wav,無音效,
transcript_20260313_015118,8588,11:09:52.928,11:09:54.368,669m52.928s-669m54.368s.wav,True,明鏡[及與]點點欄目,明鏡與點點欄目,47148,transcript_20260313_015118/669m52.928s-669m54.368s.wav,無法辨識,
transcript_20260313_015118,8597,11:10:26.816,11:10:27.200,670m26.816s-670m27.200s.wav,True,字幕,CC字幕by索蘭婭,13356,transcript_20260313_015118/670m26.816s-670m27.200s.wav,辨識錯誤,跡
transcript_20260313_015118,8608,11:10:58.592,11:10:59.360,670m58.592s-670m59.360s.wav,True,下[期集]見,我們下集見,25644,transcript_20260313_015118/670m58.592s-670m59.360s.wav,辨識錯誤,還是要晶片
transcript_20260313_015118,8660,11:13:35.232,11:13:38.656,673m35.232s-673m38.656s.wav,True,我們下[期集]再見,謝謝今天這集播放就到這邊別忘了訂閱、按讚、分享我們下期再見 掰掰,110636,transcript_20260313_015118/673m35.232s-673m38.656s.wav,正確辨識,
transcript_20260313_015118,8677,11:15:23.584,11:15:24.768,675m23.584s-675m24.768s.wav,True,下[期集]見,我們下期見,38956,transcript_20260313_015118/675m23.584s-675m24.768s.wav,辨識錯誤,因為 就是要去練
transcript_20260313_015118,8754,11:22:07.040,11:22:07.168,682m07.040s-682m07.168s.wav,True,MING PAO,MING PAO CANADA MING PAO TORONTO,5164,transcript_20260313_015118/682m07.040s-682m07.168s.wav,無音效,
transcript_20260313_015118,8770,11:23:27.648,11:23:28.608,683m27.648s-683m28.608s.wav,True,明鏡[及與]點點欄目,請不吝點贊 訂閱 轉發 打賞支援明鏡與點點欄目,31788,transcript_20260313_015118/683m27.648s-683m28.608s.wav,辨識錯誤,備給我們的是
transcript_20260313_015118,8773,11:23:33.760,11:23:34.048,683m33.760s-683m34.048s.wav,True,字幕,字幕by索蘭婭,10284,transcript_20260313_015118/683m33.760s-683m34.048s.wav,無音效,
transcript_20260313_015118,8857,11:29:33.536,11:29:33.664,689m33.536s-689m33.664s.wav,True,字幕,字幕志願者 楊茜茜,5164,transcript_20260313_015118/689m33.536s-689m33.664s.wav,無音效,
transcript_20260313_015118,8919,11:33:38.464,11:33:38.848,693m38.464s-693m38.848s.wav,True,by bwd6,by bwd6,13356,transcript_20260313_015118/693m38.464s-693m38.848s.wav,無音效,
transcript_20260313_015118,9044,11:41:08.000,11:41:08.960,701m08.000s-701m08.960s.wav,True,謝謝[觀收]看,謝謝觀看,31788,transcript_20260313_015118/701m08.000s-701m08.960s.wav,無法辨識,
transcript_20260313_015118,9186,11:49:15.424,11:49:15.648,709m15.424s-709m15.648s.wav,True,感謝[觀收]看,感謝觀看,8236,transcript_20260313_015118/709m15.424s-709m15.648s.wav,無音效,
transcript_20260313_015118,9270,11:54:11.872,11:54:12.256,714m11.872s-714m12.256s.wav,True,感謝[觀收]看,感謝觀看,13356,transcript_20260313_015118/714m11.872s-714m12.256s.wav,無法辨識,
transcript_20260313_015118,9335,11:58:06.176,11:58:06.688,718m06.176s-718m06.688s.wav,True,明鏡需要您的支援,明鏡需要您的支援 歡迎關注明鏡,17452,transcript_20260313_015118/718m06.176s-718m06.688s.wav,辨識錯誤,不到四年
transcript_20260313_015118,9346,11:58:42.496,11:58:43.232,718m42.496s-718m43.232s.wav,True,明鏡需要您的支援,明鏡需要您的支援 歡迎訂閱明鏡,24620,transcript_20260313_015118/718m42.496s-718m43.232s.wav,辨識錯誤,你要說的點
transcript_20260313_015118,9389,12:01:28.576,12:01:28.800,721m28.576s-721m28.800s.wav,True,字幕,中文字幕提供,8236,transcript_20260313_015118/721m28.576s-721m28.800s.wav,辨識錯誤,我
transcript_20260313_015118,9405,12:02:08.352,12:02:08.928,722m08.352s-722m08.928s.wav,True,下[期集]見,我們下期見,19500,transcript_20260313_015118/722m08.352s-722m08.928s.wav,辨識錯誤,我在
transcript_20260313_015118,9518,12:09:18.656,12:09:18.784,729m18.656s-729m18.784s.wav,True,字幕,字幕志願者 楊棟樑,5164,transcript_20260313_015118/729m18.656s-729m18.784s.wav,無音效,
transcript_20260313_015118,9555,12:12:33.696,12:12:33.824,732m33.696s-732m33.824s.wav,True,MING PAO,MING PAO CANADA // MING PAO TORONTO,5164,transcript_20260313_015118/732m33.696s-732m33.824s.wav,無音效,
transcript_20260313_015118,9560,12:13:27.456,12:13:27.648,733m27.456s-733m27.648s.wav,True,by bwd6,by bwd6,7212,transcript_20260313_015118/733m27.456s-733m27.648s.wav,無音效,
transcript_20260313_015118,9636,12:18:42.336,12:18:42.592,738m42.336s-738m42.592s.wav,True,感謝[觀收]看,感謝觀看,9260,transcript_20260313_015118/738m42.336s-738m42.592s.wav,無音效,
transcript_20260313_015118,9643,12:18:55.008,12:18:55.360,738m55.008s-738m55.360s.wav,True,明鏡[及與]點點欄目,明鏡及點點欄目,12332,transcript_20260313_015118/738m55.008s-738m55.360s.wav,無音效,
transcript_20260313_015118,9714,12:22:19.744,12:22:20.224,742m19.744s-742m20.224s.wav,True,字幕,字幕由 Amara.org 社群提供,16428,transcript_20260313_015118/742m19.744s-742m20.224s.wav,無法辨識,
transcript_20260313_015118,9818,12:28:24.480,12:28:24.640,748m24.480s-748m24.640s.wav,True,字幕,中文字幕志願者 楊棟樑,6188,transcript_20260313_015118/748m24.480s-748m24.640s.wav,無音效,
transcript_20260313_015118,9854,12:30:59.616,12:30:60.000,750m59.616s-750m60.000s.wav,True,字幕,字幕by索蘭婭,13356,transcript_20260313_015118/750m59.616s-750m60.000s.wav,無音效,
transcript_20260313_015118,9949,12:35:52.448,12:35:52.576,755m52.448s-755m52.576s.wav,True,感謝[觀收]看,感謝觀看,5164,transcript_20260313_015118/755m52.448s-755m52.576s.wav,無音效,
transcript_20260313_015118,9965,12:36:42.208,12:36:42.496,756m42.208s-756m42.496s.wav,True,感謝[觀收]看,感謝觀看,10284,transcript_20260313_015118/756m42.208s-756m42.496s.wav,無音效,
transcript_20260313_015118,9979,12:37:18.496,12:37:18.720,757m18.496s-757m18.720s.wav,True,MING PAO,MING PAO CANADA // MING PAO TORONTO,8236,transcript_20260313_015118/757m18.496s-757m18.720s.wav,無音效,
transcript_20260313_015118,10190,12:47:48.256,12:47:49.024,767m48.256s-767m49.024s.wav,True,我們下[期集]再見,我們下期再見,25644,transcript_20260313_015118/767m48.256s-767m49.024s.wav,無法辨識,
transcript_20260313_015118,10201,12:48:28.512,12:48:31.744,768m28.512s-768m31.744s.wav,True,我們下[期集]再見,這一集的播音就到這邊VS中文有點我們下期再見拜拜,104492,transcript_20260313_015118/768m28.512s-768m31.744s.wav,正確辨識,
transcript_20260313_015118,10258,12:55:56.512,12:55:56.640,775m56.512s-775m56.640s.wav,True,字幕,中文字幕提供,5164,transcript_20260313_015118/775m56.512s-775m56.640s.wav,無音效,
transcript_20260313_015118,10267,12:56:44.832,12:56:44.992,776m44.832s-776m44.992s.wav,True,MING PAO,MING PAO CANADA // MING PAO TORONTO,6188,transcript_20260313_015118/776m44.832s-776m44.992s.wav,無音效,
transcript_20260313_015118,10288,12:57:40.128,12:57:40.352,777m40.128s-777m40.352s.wav,True,字幕,中文字幕志願者 李宗盛,8236,transcript_20260313_015118/777m40.128s-777m40.352s.wav,無音效,
transcript_20260313_015118,10318,12:59:54.752,12:59:55.168,779m54.752s-779m55.168s.wav,True,MING PAO,MING PAO CANADA // MING PAO TORONTO,14380,transcript_20260313_015118/779m54.752s-779m55.168s.wav,無法辨識,
transcript_20260313_015118,10375,13:04:14.176,13:04:14.976,784m14.176s-784m14.976s.wav,True,明鏡[及與]點點欄目,"不要忘記點贊,留言,轉發,打賞支援明鏡與點點欄目",26668,transcript_20260313_015118/784m14.176s-784m14.976s.wav,辨識錯誤,比如
transcript_20260313_015118,10388,13:05:43.968,13:05:44.224,785m43.968s-785m44.224s.wav,True,明鏡[及與]點點欄目,明鏡與點點欄目,9260,transcript_20260313_015118/785m43.968s-785m44.224s.wav,無音效,
transcript_20260313_015118,10409,13:07:29.472,13:07:29.760,787m29.472s-787m29.760s.wav,True,明鏡[及與]點點欄目,明鏡及點點欄目,10284,transcript_20260313_015118/787m29.472s-787m29.760s.wav,無音效,
transcript_20260313_015118,10460,13:12:02.848,13:12:02.976,792m02.848s-792m02.976s.wav,True,MING PAO,MING PAO CANADA // MING PAO TORONTO,5164,transcript_20260313_015118/792m02.848s-792m02.976s.wav,無音效,
transcript_20260313_015118,10487,13:13:51.232,13:13:51.456,793m51.232s-793m51.456s.wav,True,字幕,中文字幕志願者 李宗盛,8236,transcript_20260313_015118/793m51.232s-793m51.456s.wav,無音效,
transcript_20260313_015118,10528,13:16:39.808,13:16:40.128,796m39.808s-796m40.128s.wav,True,字幕,中文字幕志願者 李宗盛,11308,transcript_20260313_015118/796m39.808s-796m40.128s.wav,無音效,
transcript_20260313_015118,10822,13:50:13.536,13:50:13.952,830m13.536s-830m13.952s.wav,True,字幕,中文字幕志願者 李宗盛,14380,transcript_20260313_015118/830m13.536s-830m13.952s.wav,無音效,
transcript_20260313_015118,10898,13:58:24.960,13:58:25.088,838m24.960s-838m25.088s.wav,True,字幕,字幕by索蘭婭,5164,transcript_20260313_015118/838m24.960s-838m25.088s.wav,無音效,
transcript_20260313_015118,10942,14:02:17.952,14:02:18.336,842m17.952s-842m18.336s.wav,True,by bwd6,by bwd6,13356,transcript_20260313_015118/842m17.952s-842m18.336s.wav,無音效,
transcript_20260313_015118,10973,14:04:33.696,14:04:33.920,844m33.696s-844m33.920s.wav,True,字幕,字幕志願者 楊棟樑,8236,transcript_20260313_015118/844m33.696s-844m33.920s.wav,無音效,
transcript_20260313_015118,10975,14:05:44.864,14:05:45.088,845m44.864s-845m45.088s.wav,True,字幕,中文字幕提供,8236,transcript_20260313_015118/845m44.864s-845m45.088s.wav,無音效,
transcript_20260313_015118,11046,14:13:04.160,14:13:04.416,853m04.160s-853m04.416s.wav,True,感謝[觀收]看,感謝觀看,9260,transcript_20260313_015118/853m04.160s-853m04.416s.wav,無音效,
transcript_20260313_015118,11061,14:13:44.096,14:13:44.416,853m44.096s-853m44.416s.wav,True,我們下[期集]再見,我們下期再見,11308,transcript_20260313_015118/853m44.096s-853m44.416s.wav,無音效,
transcript_20260313_015118,11229,14:25:07.616,14:25:08.192,865m07.616s-865m08.192s.wav,True,明鏡[及與]點點欄目,明鏡及點點欄目,19500,transcript_20260313_015118/865m07.616s-865m08.192s.wav,無法辨識,
transcript_20260313_015118,11267,14:27:44.800,14:27:45.056,867m44.800s-867m45.056s.wav,True,字幕,中文字幕提供,9260,transcript_20260313_015118/867m44.800s-867m45.056s.wav,無音效,
transcript_20260313_015118,11319,14:30:44.512,14:30:44.768,870m44.512s-870m44.768s.wav,True,字幕,中文字幕提供,9260,transcript_20260313_015118/870m44.512s-870m44.768s.wav,無音效,
transcript_20260313_015118,11360,14:32:54.560,14:32:54.880,872m54.560s-872m54.880s.wav,True,下[期集]見,我們下期見,11308,transcript_20260313_015118/872m54.560s-872m54.880s.wav,無音效,
transcript_20260313_015118,11382,14:34:04.896,14:34:07.200,874m04.896s-874m07.200s.wav,True,字幕,我可能是字幕比較差的人去,74796,transcript_20260313_015118/874m04.896s-874m07.200s.wav,正確辨識,
transcript_20260313_015118,11456,14:39:32.896,14:39:33.184,879m32.896s-879m33.184s.wav,True,感謝[觀收]看,感謝觀看,10284,transcript_20260313_015118/879m32.896s-879m33.184s.wav,無音效,
transcript_20260313_015118,11616,14:50:49.280,14:50:49.568,890m49.280s-890m49.568s.wav,True,字幕,中文字幕志願者 李宗盛,10284,transcript_20260313_015118/890m49.280s-890m49.568s.wav,無音效,
transcript_20260313_015118,11672,14:54:50.592,14:54:50.720,894m50.592s-894m50.720s.wav,True,字幕,中文字幕 李宗盛,5164,transcript_20260313_015118/894m50.592s-894m50.720s.wav,無音效,
transcript_20260313_015118,11756,15:01:29.792,15:01:30.112,901m29.792s-901m30.112s.wav,True,MING PAO,MING PAO CANADA MING PAO TORONTO,11308,transcript_20260313_015118/901m29.792s-901m30.112s.wav,無音效,
transcript_20260313_015118,11837,15:08:27.552,15:08:27.936,908m27.552s-908m27.936s.wav,True,字幕,字幕by索蘭婭,13356,transcript_20260313_015118/908m27.552s-908m27.936s.wav,無音效,
transcript_20260313_015118,11871,15:11:09.472,15:11:09.696,911m09.472s-911m09.696s.wav,True,字幕,字幕志願者 李宗盛,8236,transcript_20260313_015118/911m09.472s-911m09.696s.wav,無音效,
transcript_20260313_015118,11940,15:16:50.752,15:16:51.008,916m50.752s-916m51.008s.wav,True,感謝[觀收]看,感謝觀看,9260,transcript_20260313_015118/916m50.752s-916m51.008s.wav,無音效,
transcript_20260313_015118,11946,15:17:21.280,15:17:21.408,917m21.280s-917m21.408s.wav,True,MING PAO,MING PAO CANADA // MING PAO TORONTO,5164,transcript_20260313_015118/917m21.280s-917m21.408s.wav,無音效,
transcript_20260313_015118,12036,15:24:05.024,15:24:05.568,924m05.024s-924m05.568s.wav,True,明鏡[及與]點點欄目,明鏡及點點欄目,18476,transcript_20260313_015118/924m05.024s-924m05.568s.wav,無音效,
transcript_20260313_015118,12091,15:26:52.832,15:26:53.120,926m52.832s-926m53.120s.wav,True,MING PAO,MING PAO CANADA MING PAO TORONTO,10284,transcript_20260313_015118/926m52.832s-926m53.120s.wav,無音效,
transcript_20260313_015118,12115,15:28:27.168,15:28:27.296,928m27.168s-928m27.296s.wav,True,字幕,中文字幕提供,5164,transcript_20260313_015118/928m27.168s-928m27.296s.wav,無音效,
transcript_20260313_015118,12123,15:28:47.424,15:28:48.128,928m47.424s-928m48.128s.wav,True,下[期集]見,我們下期見,23596,transcript_20260313_015118/928m47.424s-928m48.128s.wav,無法辨識,
transcript_20260313_015118,12144,15:31:04.864,15:31:05.248,931m04.864s-931m05.248s.wav,True,感謝[觀收]看,"本期影片就到這裡,感謝觀看,下次見!",13356,transcript_20260313_015118/931m04.864s-931m05.248s.wav,辨識錯誤,本
transcript_20260313_015118,12174,15:33:00.064,15:33:00.288,933m00.064s-933m00.288s.wav,True,字幕,中文字幕 李宗盛,8236,transcript_20260313_015118/933m00.064s-933m00.288s.wav,無音效,
transcript_20260313_015118,12211,15:34:59.360,15:34:59.616,934m59.360s-934m59.616s.wav,True,字幕,中文字幕提供,9260,transcript_20260313_015118/934m59.360s-934m59.616s.wav,無音效,
transcript_20260313_015118,12263,15:38:01.024,15:38:01.312,938m01.024s-938m01.312s.wav,True,我們下[期集]再見,我們下期再見,10284,transcript_20260313_015118/938m01.024s-938m01.312s.wav,無音效,
transcript_20260313_015118,12269,15:38:11.360,15:38:11.712,938m11.360s-938m11.712s.wav,True,明鏡[及與]點點欄目,明鏡及點點欄目,12332,transcript_20260313_015118/938m11.360s-938m11.712s.wav,無音效,
transcript_20260313_015118,12350,15:42:34.528,15:42:34.752,942m34.528s-942m34.752s.wav,True,字幕,中文字幕 李宗盛,8236,transcript_20260313_015118/942m34.528s-942m34.752s.wav,無音效,
transcript_20260313_015118,12418,15:47:01.312,15:47:01.536,947m01.312s-947m01.536s.wav,True,MING PAO,MING PAO CANADA MING PAO TORONTO,8236,transcript_20260313_015118/947m01.312s-947m01.536s.wav,無音效,
transcript_20260313_015118,12424,15:47:16.704,15:47:18.496,947m16.704s-947m18.496s.wav,True,感謝[觀收]看,感謝觀看再見,58412,transcript_20260313_015118/947m16.704s-947m18.496s.wav,辨識錯誤,對 沒有 我剛突然通然一件事
transcript_20260313_015118,12428,15:47:25.856,15:47:26.240,947m25.856s-947m26.240s.wav,True,字幕,中文字幕 李宗盛,13356,transcript_20260313_015118/947m25.856s-947m26.240s.wav,無音效,
transcript_20260313_015118,12437,15:47:49.600,15:47:49.824,947m49.600s-947m49.824s.wav,True,字幕,字幕by索蘭婭,8236,transcript_20260313_015118/947m49.600s-947m49.824s.wav,無音效,
transcript_20260313_015118,12463,15:49:27.872,15:49:28.192,949m27.872s-949m28.192s.wav,True,字幕,中文字幕志願者 楊茜茜,11308,transcript_20260313_015118/949m27.872s-949m28.192s.wav,無音效,
transcript_20260313_015118,12481,15:50:01.760,15:50:02.240,950m01.760s-950m02.240s.wav,True,明鏡[及與]點點欄目,明鏡及點點欄目,16428,transcript_20260313_015118/950m01.760s-950m02.240s.wav,辨識錯誤,那邊
transcript_20260313_015118,12493,15:50:31.712,15:50:31.840,950m31.712s-950m31.840s.wav,True,MING PAO,MING PAO CANADA MING PAO TORONTO,5164,transcript_20260313_015118/950m31.712s-950m31.840s.wav,無音效,
transcript_20260313_015118,12519,15:51:37.120,15:51:37.280,951m37.120s-951m37.280s.wav,True,字幕,中文字幕志願者 李宗盛,6188,transcript_20260313_015118/951m37.120s-951m37.280s.wav,無音效,
transcript_20260313_015118,12525,15:51:55.680,15:51:55.840,951m55.680s-951m55.840s.wav,True,字幕,字幕志願者 楊棟樑,6188,transcript_20260313_015118/951m55.680s-951m55.840s.wav,無音效,
transcript_20260313_015118,12528,15:52:02.816,15:52:02.944,952m02.816s-952m02.944s.wav,True,字幕,中文字幕提供,5164,transcript_20260313_015118/952m02.816s-952m02.944s.wav,無音效,
transcript_20260313_015118,12544,15:52:41.248,15:52:41.536,952m41.248s-952m41.536s.wav,True,MING PAO,MING PAO CANADA MING PAO TORONTO,10284,transcript_20260313_015118/952m41.248s-952m41.536s.wav,無音效,
transcript_20260313_015118,12565,15:53:32.448,15:53:32.960,953m32.448s-953m32.960s.wav,True,字幕,中文字幕志願者 李宗盛,17452,transcript_20260313_015118/953m32.448s-953m32.960s.wav,辨識錯誤,check
transcript_20260313_015118,12608,15:55:56.832,15:55:57.088,955m56.832s-955m57.088s.wav,True,字幕,中文字幕提供,9260,transcript_20260313_015118/955m56.832s-955m57.088s.wav,無音效,
transcript_20260313_015118,12610,15:56:01.952,15:56:02.240,956m01.952s-956m02.240s.wav,True,by bwd6,by bwd6,10284,transcript_20260313_015118/956m01.952s-956m02.240s.wav,無音效,
transcript_20260313_015118,12622,15:56:44.960,15:56:45.088,956m44.960s-956m45.088s.wav,True,字幕,中文字幕 李宗盛,5164,transcript_20260313_015118/956m44.960s-956m45.088s.wav,無音效,
transcript_20260313_015118,12628,15:57:12.640,15:57:12.864,957m12.640s-957m12.864s.wav,True,字幕,中文字幕提供,8236,transcript_20260313_015118/957m12.640s-957m12.864s.wav,無音效,
transcript_20260313_015118,12639,15:58:06.368,15:58:06.560,958m06.368s-958m06.560s.wav,True,MING PAO,MING PAO CANADA MING PAO TORONTO,7212,transcript_20260313_015118/958m06.368s-958m06.560s.wav,無音效,
transcript_20260313_015118,12692,16:02:21.344,16:02:21.728,962m21.344s-962m21.728s.wav,True,明鏡[及與]點點欄目,明鏡與點點欄目,13356,transcript_20260313_015118/962m21.344s-962m21.728s.wav,無音效,
transcript_20260313_015118,12717,16:06:12.416,16:06:12.576,966m12.416s-966m12.576s.wav,True,字幕,字幕志願者 李宗盛,6188,transcript_20260313_015118/966m12.416s-966m12.576s.wav,無音效,
transcript_20260313_015118,12737,16:07:44.640,16:08:13.920,967m44.640s-968m13.920s.wav,True,字幕,可能是問題 但為了弄你就會丟一張他們會想辦法弄我 因為我收購時光例如說繞口令然後收購一些很難的數學問題或是我甚至有很多觀眾他會在家裡想很久他就是要最後抽到那一張 所以他們會前面寫很多鋪陳就比如說他今天怎麼樣怎樣 然後最後ending是所以明天來這股票會漲 然後就完全沒有關係他們是有喜劇裸體套在KB裡面的對 然後他們是希望抽出來的字幕by索蘭婭,938028,transcript_20260313_015118/967m44.640s-968m13.920s.wav,正確辨識,
transcript_20260313_015118,12767,16:11:40.416,16:11:40.544,971m40.416s-971m40.544s.wav,True,字幕,字幕by索蘭婭,5164,transcript_20260313_015118/971m40.416s-971m40.544s.wav,無音效,
transcript_20260313_015118,12822,16:16:55.424,16:16:55.584,976m55.424s-976m55.584s.wav,True,by bwd6,by bwd6,6188,transcript_20260313_015118/976m55.424s-976m55.584s.wav,無法辨識,
transcript_20260313_015118,12869,16:22:02.304,16:22:02.752,982m02.304s-982m02.752s.wav,True,字幕,字幕by索蘭婭,15404,transcript_20260313_015118/982m02.304s-982m02.752s.wav,辨識錯誤,不只
transcript_20260313_015118,12917,16:26:24.192,16:26:24.384,986m24.192s-986m24.384s.wav,True,字幕,字幕by索蘭婭,7212,transcript_20260313_015118/986m24.192s-986m24.384s.wav,無音效,
transcript_20260313_015118,12921,16:26:33.280,16:26:33.472,986m33.280s-986m33.472s.wav,True,字幕,中文字幕提供,7212,transcript_20260313_015118/986m33.280s-986m33.472s.wav,無音效,
transcript_20260313_015118,12932,16:27:02.400,16:27:02.592,987m02.400s-987m02.592s.wav,True,字幕,字幕by索蘭婭,7212,transcript_20260313_015118/987m02.400s-987m02.592s.wav,無音效,
transcript_20260313_015118,12960,16:30:29.920,16:30:30.208,990m29.920s-990m30.208s.wav,True,字幕,字幕志願者 楊茜茜,10284,transcript_20260313_015118/990m29.920s-990m30.208s.wav,無音效,
transcript_20260313_015118,12961,16:30:31.424,16:30:31.712,990m31.424s-990m31.712s.wav,True,MING PAO,MING PAO CANADA MANGA,10284,transcript_20260313_015118/990m31.424s-990m31.712s.wav,無音效,
transcript_20260313_015118,12996,16:34:50.560,16:34:50.688,994m50.560s-994m50.688s.wav,True,感謝[觀收]看,感謝觀看,5164,transcript_20260313_015118/994m50.560s-994m50.688s.wav,無音效,
transcript_20260313_015118,13018,16:37:20.480,16:37:30.208,997m20.480s-997m30.208s.wav,True,下[期集]見,非常期待我去看電視 告訴大家是哪好 我會再對好 感謝好 謝謝今天這集播到這邊VS 今天沒有電下集見 掰掰掰掰,312364,transcript_20260313_015118/997m20.480s-997m30.208s.wav,正確辨識,
transcript_20260313_015118,13019,16:37:30.272,16:37:30.400,997m30.272s-997m30.400s.wav,True,字幕,字幕志願者 楊棟樑,5164,transcript_20260313_015118/997m30.272s-997m30.400s.wav,無音效,
transcript_20260313_015118,13059,16:41:45.248,16:41:45.600,1001m45.248s-1001m45.600s.wav,True,字幕,中文字幕提供,12332,transcript_20260313_015118/1001m45.248s-1001m45.600s.wav,無音效,
transcript_20260313_015118,13086,16:43:27.040,16:43:27.744,1003m27.040s-1003m27.744s.wav,True,下[期集]見,下集見,23596,transcript_20260313_015118/1003m27.040s-1003m27.744s.wav,辨識錯誤,直接
transcript_20260313_015118,13131,16:45:58.272,16:45:58.848,1005m58.272s-1005m58.848s.wav,True,MING PAO,MING PAO CANADA MANGA,19500,transcript_20260313_015118/1005m58.272s-1005m58.848s.wav,辨識錯誤,他的確
transcript_20260311_235011,1993,02:05:47.040,02:05:48.032,125m47.040s-125m48.032s.wav,True,大概就是以上,大概就是以上,32812,transcript_20260311_235011/125m47.040s-125m48.032s.wav,正確辨識,
transcript_20260311_235011,6164,05:28:49.408,05:28:50.336,328m49.408s-328m50.336s.wav,True,大概就是以上,大概就是以上,30764,transcript_20260311_235011/328m49.408s-328m50.336s.wav,正確辨識,
transcript_20260311_235011,9070,07:43:59.872,07:44:00.832,463m59.872s-464m00.832s.wav,True,大概就是以上,大概就是以上,31788,transcript_20260311_235011/463m59.872s-464m00.832s.wav,正確辨識,
transcript_20260311_235011,9880,08:21:16.480,08:21:17.344,501m16.480s-501m17.344s.wav,True,大概就是以上,大概就是以上,28716,transcript_20260311_235011/501m16.480s-501m17.344s.wav,正確辨識,
transcript_20260312_162616,2550,02:30:38.624,02:30:39.744,150m38.624s-150m39.744s.wav,True,大概就是以上,大概就是以上,36908,transcript_20260312_162616/150m38.624s-150m39.744s.wav,正確辨識,
transcript_20260312_193928,68,00:03:07.904,00:03:09.024,03m07.904s-03m09.024s.wav,True,大概就是以上,大概就是以上,36908,transcript_20260312_193928/03m07.904s-03m09.024s.wav,正確辨識,
transcript_20260313_015118,4940,05:58:40.192,05:58:41.216,358m40.192s-358m41.216s.wav,True,大概就是以上,大概就是以上,33836,transcript_20260313_015118/358m40.192s-358m41.216s.wav,正確辨識,
transcript_20260313_015118,6038,07:18:46.752,07:18:47.808,438m46.752s-438m47.808s.wav,True,大概就是以上,大概就是以上,34860,transcript_20260313_015118/438m46.752s-438m47.808s.wav,正確辨識,
transcript_20260313_015118,7346,08:45:35.136,08:45:36.128,525m35.136s-525m36.128s.wav,True,大概就是以上,大概就是以上,32812,transcript_20260313_015118/525m35.136s-525m36.128s.wav,正確辨識,
transcript_20260313_015118,7660,09:28:22.816,09:28:23.712,568m22.816s-568m23.712s.wav,True,大概就是以上,大概就是以上,29740,transcript_20260313_015118/568m22.816s-568m23.712s.wav,正確辨識,
transcript_20260313_015118,8024,10:16:06.112,10:16:07.072,616m06.112s-616m07.072s.wav,True,大概就是以上,大概就是以上,31788,transcript_20260313_015118/616m06.112s-616m07.072s.wav,正確辨識,
transcript_20260313_015118,8534,11:06:42.080,11:06:43.040,666m42.080s-666m43.040s.wav,True,大概就是以上,大概就是以上,31788,transcript_20260313_015118/666m42.080s-666m43.040s.wav,正確辨識,
transcript_20260313_015118,9058,11:41:33.792,11:41:34.624,701m33.792s-701m34.624s.wav,True,大概就是以上,大概就是以上,27692,transcript_20260313_015118/701m33.792s-701m34.624s.wav,正確辨識,
transcript_20260313_015118,9811,12:27:58.976,12:27:59.936,747m58.976s-747m59.936s.wav,True,大概就是以上,大概就是以上,31788,transcript_20260313_015118/747m58.976s-747m59.936s.wav,正確辨識,
